#2026 05 09 14:08:31.466#Z#INFO#8f3ccdc2-4bb0-11f1-ad7f-eeee0a8b5753.OPERATION#http-nio-0.0.0.0-8080-exec-8#
[XS2StartProcessListener] Operation ID: 8f3ccdc2-4bb0-11f1-ad7f-eeee0a8b5753#
#2026 05 09 14:08:31.489#Z#DEBUG#8f3ccdc2-4bb0-11f1-ad7f-eeee0a8b5753.OPERATION#http-nio-0.0.0.0-8080-exec-8#
[XS2StartProcessListener] Process environment: {
  "SKIP_SSL_VALIDATION" : "false",
  "FLOWABLE_JOB_EXECUTOR_MAX_THREADS" : "32",
  "VERSION" : "2.44.3",
  "BASIC_AUTH_ENABLED" : "true",
  "FLOWABLE_JOB_EXECUTOR_QUEUE_CAPACITY" : "16",
  "FLOWABLE_JOB_EXECUTOR_CORE_THREADS" : "8"
}#
#2026 05 09 14:08:31.489#Z#DEBUG#8f3ccdc2-4bb0-11f1-ad7f-eeee0a8b5753.OPERATION#http-nio-0.0.0.0-8080-exec-8#
[XS2StartProcessListener] Current user: jbriceno@logaligroup.com#
#2026 05 09 14:08:31.489#Z#DEBUG#8f3ccdc2-4bb0-11f1-ad7f-eeee0a8b5753.OPERATION#http-nio-0.0.0.0-8080-exec-8#
[XS2StartProcessListener] Client space: dev#
#2026 05 09 14:08:31.489#Z#DEBUG#8f3ccdc2-4bb0-11f1-ad7f-eeee0a8b5753.OPERATION#http-nio-0.0.0.0-8080-exec-8#
[XS2StartProcessListener] Client organization: a6637d2btrial#
#2026 05 09 14:08:31.490#Z#INFO#8f3ccdc2-4bb0-11f1-ad7f-eeee0a8b5753.OPERATION#http-nio-0.0.0.0-8080-exec-8#
[XS2StartProcessListener] Process variables: {
  "keepFiles" : false,
  "skipAppDigestCalculation" : false,
  "abortOnError" : false,
  "mtaId" : "A26C405-2",
  "noFailOnMissingPermissions" : false,
  "isSecurityEnabled" : false,
  "apiRequestPath" : "https://deploy-service.cf.us10-001.hana.ondemand.com/api/v1/spaces/e694f4ed-6fa8-4f4f-8689-7c6cb666a88a/operations",
  "deleteServiceBrokers" : false,
  "appArchiveId" : "4bef2396-b962-4209-9d67-78a9fa77f43c",
  "isDisposableUserProvidedServiceEnabled" : false,
  "deleteServiceKeys" : false,
  "noRestartSubscribedApps" : false,
  "noStart" : false,
  "deleteServices" : false
}#
#2026 05 09 14:08:31.543#Z#DEBUG#8f3ccdc2-4bb0-11f1-ad7f-eeee0a8b5753.OPERATION#flowable-async-job-executor-thread-2432#
[ValidateDeployParametersStep] Executing task "validateParametersTask" of process "8f3ccde8-4bb0-11f1-ad7f-eeee0a8b5753"...#
#2026 05 09 14:08:31.543#Z#DEBUG#8f3ccdc2-4bb0-11f1-ad7f-eeee0a8b5753.OPERATION#flowable-async-job-executor-thread-2432#
[ValidateDeployParametersStep] Validating parameters...#
#2026 05 09 14:08:31.546#Z#INFO#8f3ccdc2-4bb0-11f1-ad7f-eeee0a8b5753.OPERATION#flowable-async-job-executor-thread-2432#
[ValidateDeployParametersStep] Size of mtars is 7,366,984 and size of extension descriptors is 0#
#2026 05 09 14:08:31.602#Z#INFO#8f3ccdc2-4bb0-11f1-ad7f-eeee0a8b5753.OPERATION#flowable-async-job-executor-thread-2432#
[ValidateDeployParametersStep] Archive was not split! Total size in bytes: 7,366,984#
#2026 05 09 14:08:31.602#Z#INFO#8f3ccdc2-4bb0-11f1-ad7f-eeee0a8b5753.OPERATION#flowable-async-job-executor-thread-2432#
[ValidateDeployParametersStep] Deploying in org "a6637d2btrial" and space "dev"#
#2026 05 09 14:08:31.611#Z#DEBUG#8f3ccdc2-4bb0-11f1-ad7f-eeee0a8b5753.OPERATION#flowable-async-job-executor-thread-2432#
[ValidateDeployParametersStep] Parameters validated#
#2026 05 09 14:08:31.611#Z#DEBUG#8f3ccdc2-4bb0-11f1-ad7f-eeee0a8b5753.OPERATION#flowable-async-job-executor-thread-2432#
Step "Validate Parameters" finished#
#2026 05 09 14:08:31.650#Z#DEBUG#8f3ccdc2-4bb0-11f1-ad7f-eeee0a8b5753.OPERATION#flowable-async-job-executor-thread-2433#
[DeleteRemainingFileParts] Executing task "deleteRemainingFileParts" of process "8f3ccde8-4bb0-11f1-ad7f-eeee0a8b5753"...#
#2026 05 09 14:08:31.651#Z#DEBUG#8f3ccdc2-4bb0-11f1-ad7f-eeee0a8b5753.OPERATION#flowable-async-job-executor-thread-2433#
Step "Delete Remaining File Parts" finished#
#2026 05 09 14:08:31.687#Z#DEBUG#8f3ccdc2-4bb0-11f1-ad7f-eeee0a8b5753.OPERATION#flowable-async-job-executor-thread-2434#
[XS2ProcessMtaArchiveStep] Executing task "processArchiveTask" of process "8f3ccde8-4bb0-11f1-ad7f-eeee0a8b5753"...#
#2026 05 09 14:08:31.688#Z#DEBUG#8f3ccdc2-4bb0-11f1-ad7f-eeee0a8b5753.OPERATION#flowable-async-job-executor-thread-2434#
[XS2ProcessMtaArchiveStep] Processing MTA archive...#
#2026 05 09 14:08:31.688#Z#DEBUG#8f3ccdc2-4bb0-11f1-ad7f-eeee0a8b5753.OPERATION#flowable-async-job-executor-thread-2434#
[XS2ProcessMtaArchiveStep] MTA Archive ID: 4bef2396-b962-4209-9d67-78a9fa77f43c#
#2026 05 09 14:08:31.907#Z#DEBUG#8f3ccdc2-4bb0-11f1-ad7f-eeee0a8b5753.OPERATION#flowable-async-job-executor-thread-2434#
[XS2ProcessMtaArchiveStep] MTA Descriptor length: 1,709#
#2026 05 09 14:08:31.907#Z#DEBUG#8f3ccdc2-4bb0-11f1-ad7f-eeee0a8b5753.OPERATION#flowable-async-job-executor-thread-2434#
[XS2ProcessMtaArchiveStep] MTA Archive Modules: [A26C405-2_ui_deployer, a26c405-2-approuter]#
#2026 05 09 14:08:31.907#Z#DEBUG#8f3ccdc2-4bb0-11f1-ad7f-eeee0a8b5753.OPERATION#flowable-async-job-executor-thread-2434#
[XS2ProcessMtaArchiveStep] MTA Archive Requires: []#
#2026 05 09 14:08:31.907#Z#DEBUG#8f3ccdc2-4bb0-11f1-ad7f-eeee0a8b5753.OPERATION#flowable-async-job-executor-thread-2434#
[XS2ProcessMtaArchiveStep] MTA Archive Resources: [uaa_A26C405-2]#
#2026 05 09 14:08:31.918#Z#DEBUG#8f3ccdc2-4bb0-11f1-ad7f-eeee0a8b5753.OPERATION#flowable-async-job-executor-thread-2434#
[XS2ProcessMtaArchiveStep] MTA archive processed#
#2026 05 09 14:08:31.918#Z#DEBUG#8f3ccdc2-4bb0-11f1-ad7f-eeee0a8b5753.OPERATION#flowable-async-job-executor-thread-2434#
Step "Process Archive" finished#
#2026 05 09 14:08:31.967#Z#DEBUG#8f3ccdc2-4bb0-11f1-ad7f-eeee0a8b5753.OPERATION#flowable-async-job-executor-thread-2435#
[ProcessMtaExtensionDescriptorsStep] Executing task "processExtensionDescriptorsTask" of process "8f3ccde8-4bb0-11f1-ad7f-eeee0a8b5753"...#
#2026 05 09 14:08:31.968#Z#DEBUG#8f3ccdc2-4bb0-11f1-ad7f-eeee0a8b5753.OPERATION#flowable-async-job-executor-thread-2435#
[ProcessMtaExtensionDescriptorsStep] Processing MTA extension descriptors...#
#2026 05 09 14:08:31.969#Z#DEBUG#8f3ccdc2-4bb0-11f1-ad7f-eeee0a8b5753.OPERATION#flowable-async-job-executor-thread-2435#
[ProcessMtaExtensionDescriptorsStep] Provided extension descriptors: [ ]#
#2026 05 09 14:08:31.969#Z#DEBUG#8f3ccdc2-4bb0-11f1-ad7f-eeee0a8b5753.OPERATION#flowable-async-job-executor-thread-2435#
[ProcessMtaExtensionDescriptorsStep] No extension descriptors in use#
#2026 05 09 14:08:31.969#Z#DEBUG#8f3ccdc2-4bb0-11f1-ad7f-eeee0a8b5753.OPERATION#flowable-async-job-executor-thread-2435#
[ProcessMtaExtensionDescriptorsStep] MTA extension descriptors processed#
#2026 05 09 14:08:31.969#Z#DEBUG#8f3ccdc2-4bb0-11f1-ad7f-eeee0a8b5753.OPERATION#flowable-async-job-executor-thread-2435#
Step "Process Extension Descriptors" finished#
#2026 05 09 14:08:32.008#Z#DEBUG#8f3ccdc2-4bb0-11f1-ad7f-eeee0a8b5753.OPERATION#flowable-async-job-executor-thread-2436#
[XS2DetectMtaSchemaVersionStep] Executing task "detectSchemaVersionTask" of process "8f3ccde8-4bb0-11f1-ad7f-eeee0a8b5753"...#
#2026 05 09 14:08:32.009#Z#DEBUG#8f3ccdc2-4bb0-11f1-ad7f-eeee0a8b5753.OPERATION#flowable-async-job-executor-thread-2436#
[XS2DetectMtaSchemaVersionStep] Detecting MTA major schema version...#
#2026 05 09 14:08:32.011#Z#INFO#8f3ccdc2-4bb0-11f1-ad7f-eeee0a8b5753.OPERATION#flowable-async-job-executor-thread-2436#
[XS2DetectMtaSchemaVersionStep] Detected MTA schema version: "3"#
#2026 05 09 14:08:32.017#Z#DEBUG#8f3ccdc2-4bb0-11f1-ad7f-eeee0a8b5753.OPERATION#flowable-async-job-executor-thread-2436#
Step "Detect Schema Version" finished#
#2026 05 09 14:08:32.056#Z#DEBUG#8f3ccdc2-4bb0-11f1-ad7f-eeee0a8b5753.OPERATION#flowable-async-job-executor-thread-2437#
[MergeDescriptorsStep] Executing task "mergeDescriptorsTask" of process "8f3ccde8-4bb0-11f1-ad7f-eeee0a8b5753"...#
#2026 05 09 14:08:32.057#Z#DEBUG#8f3ccdc2-4bb0-11f1-ad7f-eeee0a8b5753.OPERATION#flowable-async-job-executor-thread-2437#
[MergeDescriptorsStep] Validating and merging descriptors...#
#2026 05 09 14:08:32.059#Z#DEBUG#8f3ccdc2-4bb0-11f1-ad7f-eeee0a8b5753.OPERATION#flowable-async-job-executor-thread-2437#
[MergeDescriptorsStep] Merged deployment descriptor: {
  "majorSchemaVersion" : 3,
  "schemaVersion" : "3.2.0",
  "id" : "A26C405-2",
  "version" : "0.0.1",
  "modules" : [ {
    "majorSchemaVersion" : 3,
    "name" : "a26c405-2-approuter",
    "type" : "javascript.nodejs",
    "path" : "a26c405-2-approuter",
    "properties" : { },
    "parameters" : {
      "disk-quota" : "256M",
      "memory" : "256M"
    },
    "requiredDependencies" : [ {
      "majorSchemaVersion" : 3,
      "name" : "A26C405-2_html_repo_runtime",
      "properties" : { },
      "parameters" : { },
      "propertiesMetadata" : {
        "metadata" : { }
      },
      "parametersMetadata" : {
        "metadata" : { }
      }
    }, {
      "majorSchemaVersion" : 3,
      "name" : "uaa_A26C405-2",
      "properties" : { },
      "parameters" : { },
      "propertiesMetadata" : {
        "metadata" : { }
      },
      "parametersMetadata" : {
        "metadata" : { }
      }
    }, {
      "majorSchemaVersion" : 3,
      "name" : "A26C405-2-destination-service",
      "group" : "destinations",
      "properties" : {
        "name" : "ui5",
        "forwardAuthToken" : "********",
        "url" : "https://ui5.sap.com"
      },
      "parameters" : { },
      "propertiesMetadata" : {
        "metadata" : { }
      },
      "parametersMetadata" : {
        "metadata" : { }
      }
    } ],
    "providedDependencies" : [ {
      "majorSchemaVersion" : 3,
      "name" : "a26c405-2-approuter",
      "isPublic" : false,
      "properties" : { },
      "parameters" : { },
      "propertiesMetadata" : {
        "metadata" : { }
      },
      "parametersMetadata" : {
        "metadata" : { }
      }
    } ],
    "propertiesMetadata" : {
      "metadata" : { }
    },
    "parametersMetadata" : {
      "metadata" : { }
    },
    "hooks" : [ ]
  }, {
    "majorSchemaVersion" : 3,
    "name" : "A26C405-2_ui_deployer",
    "type" : "com.sap.application.content",
    "path" : "A26C405-2_ui_deployer",
    "properties" : { },
    "parameters" : { },
    "requiredDependencies" : [ {
      "majorSchemaVersion" : 3,
      "name" : "A26C405-2_html_repo_host",
      "properties" : { },
      "parameters" : {
        "content-target" : true
      },
      "propertiesMetadata" : {
        "metadata" : { }
      },
      "parametersMetadata" : {
        "metadata" : { }
      }
    } ],
    "providedDependencies" : [ {
      "majorSchemaVersion" : 3,
      "name" : "A26C405-2_ui_deployer",
      "isPublic" : false,
      "properties" : { },
      "parameters" : { },
      "propertiesMetadata" : {
        "metadata" : { }
      },
      "parametersMetadata" : {
        "metadata" : { }
      }
    } ],
    "propertiesMetadata" : {
      "metadata" : { }
    },
    "parametersMetadata" : {
      "metadata" : { }
    },
    "hooks" : [ ]
  } ],
  "resources" : [ {
    "majorSchemaVersion" : 3,
    "name" : "A26C405-2_html_repo_runtime",
    "type" : "org.cloudfoundry.managed-service",
    "properties" : { },
    "parameters" : {
      "type" : "managed-service",
      "service" : "html5-apps-repo",
      "service-plan" : "app-runtime"
    },
    "isActive" : true,
    "isOptional" : false,
    "propertiesMetadata" : {
      "metadata" : { }
    },
    "parametersMetadata" : {
      "metadata" : { }
    },
    "requiredDependencies" : [ ],
    "processedAfter" : [ ]
  }, {
    "majorSchemaVersion" : 3,
    "name" : "uaa_A26C405-2",
    "type" : "org.cloudfoundry.managed-service",
    "properties" : { },
    "parameters" : {
      "path" : "./xs-security.json",
      "service-name" : "A26C405-2-xsuaa-service",
      "service-plan" : "application",
      "type" : "managed-service",
      "service" : "xsuaa"
    },
    "isActive" : true,
    "isOptional" : false,
    "propertiesMetadata" : {
      "metadata" : { }
    },
    "parametersMetadata" : {
      "metadata" : { }
    },
    "requiredDependencies" : [ ],
    "processedAfter" : [ ]
  }, {
    "majorSchemaVersion" : 3,
    "name" : "A26C405-2_html_repo_host",
    "type" : "org.cloudfoundry.managed-service",
    "properties" : { },
    "parameters" : {
      "type" : "managed-service",
      "service" : "html5-apps-repo",
      "service-plan" : "app-host"
    },
    "isActive" : true,
    "isOptional" : false,
    "propertiesMetadata" : {
      "metadata" : { }
    },
    "parametersMetadata" : {
      "metadata" : { }
    },
    "requiredDependencies" : [ ],
    "processedAfter" : [ ]
  }, {
    "majorSchemaVersion" : 3,
    "name" : "A26C405-2-destination-service",
    "type" : "org.cloudfoundry.managed-service",
    "properties" : { },
    "parameters" : {
      "service-name" : "A26C405-2-destination-service",
      "service-plan" : "lite",
      "type" : "managed-service",
      "config" : {
        "HTML5Runtime_enabled" : false,
        "init_data" : {
          "instance" : {
            "destinations" : [ {
              "Authentication" : "********",
              "Name" : "ui5",
              "ProxyType" : "Internet",
              "Type" : "HTTP",
              "URL" : "https://ui5.sap.com"
            } ],
            "existing_destinations_policy" : "update"
          }
        },
        "version" : "1.0.0"
      },
      "service" : "destination"
    },
    "isActive" : true,
    "isOptional" : false,
    "propertiesMetadata" : {
      "metadata" : { }
    },
    "parametersMetadata" : {
      "metadata" : { }
    },
    "requiredDependencies" : [ ],
    "processedAfter" : [ ]
  } ],
  "parameters" : {
    "enable-parallel-deployments" : true,
    "deploy_mode" : "html5-repo"
  },
  "parametersMetadata" : {
    "metadata" : { }
  }
}#
#2026 05 09 14:08:32.061#Z#DEBUG#8f3ccdc2-4bb0-11f1-ad7f-eeee0a8b5753.OPERATION#flowable-async-job-executor-thread-2437#
[MergeDescriptorsStep] Descriptors validated and merged#
#2026 05 09 14:08:32.061#Z#DEBUG#8f3ccdc2-4bb0-11f1-ad7f-eeee0a8b5753.OPERATION#flowable-async-job-executor-thread-2437#
Step "Merge Descriptors" finished#
#2026 05 09 14:08:32.105#Z#DEBUG#8f3ccdc2-4bb0-11f1-ad7f-eeee0a8b5753.OPERATION#flowable-async-job-executor-thread-2430#
[DetectDeployedMtaStep] Executing task "detectDeployedMtaTask" of process "8f3ccde8-4bb0-11f1-ad7f-eeee0a8b5753"...#
#2026 05 09 14:08:32.106#Z#DEBUG#8f3ccdc2-4bb0-11f1-ad7f-eeee0a8b5753.OPERATION#flowable-async-job-executor-thread-2430#
[DetectDeployedMtaStep] Detecting deployed MTA...#
#2026 05 09 14:08:32.176#Z#DEBUG#8f3ccdc2-4bb0-11f1-ad7f-eeee0a8b5753.OPERATION#flowable-async-job-executor-thread-2430#
[DetectDeployedMtaStep] Detecting MTA by id A26C405-2 and namespace null#
#2026 05 09 14:08:32.176#Z#DEBUG#8f3ccdc2-4bb0-11f1-ad7f-eeee0a8b5753.OPERATION#flowable-async-job-executor-thread-2430#
[DetectDeployedMtaStep] Getting applications by metadata label selector "mta_id=7081ee827cf73cfe2cd921aa8e4ae936,!mta_namespace"...#
#2026 05 09 14:08:32.234#Z#DEBUG#8f3ccdc2-4bb0-11f1-ad7f-eeee0a8b5753.OPERATION#flowable-async-job-executor-thread-2430#
[DetectDeployedMtaStep] Getting service instances by metadata label selector "mta_id=7081ee827cf73cfe2cd921aa8e4ae936,!mta_namespace"...#
#2026 05 09 14:08:32.263#Z#INFO#8f3ccdc2-4bb0-11f1-ad7f-eeee0a8b5753.OPERATION#flowable-async-job-executor-thread-2430#
[DetectDeployedMtaStep] No deployed MTA detected - this is initial deployment of MTA with ID "A26C405-2"#
#2026 05 09 14:08:32.269#Z#DEBUG#8f3ccdc2-4bb0-11f1-ad7f-eeee0a8b5753.OPERATION#flowable-async-job-executor-thread-2430#
[DetectDeployedMtaStep] Detecting backup mta by id "A26C405-2" and namespace "null"#
#2026 05 09 14:08:32.269#Z#DEBUG#8f3ccdc2-4bb0-11f1-ad7f-eeee0a8b5753.OPERATION#flowable-async-job-executor-thread-2430#
[DetectDeployedMtaStep] Getting applications by metadata label selector "mta_id=7081ee827cf73cfe2cd921aa8e4ae936,mta_namespace=b698114a0995e936895b9598a6c19a2c"...#
#2026 05 09 14:08:32.309#Z#DEBUG#8f3ccdc2-4bb0-11f1-ad7f-eeee0a8b5753.OPERATION#flowable-async-job-executor-thread-2430#
[DetectDeployedMtaStep] Getting service instances by metadata label selector "mta_id=7081ee827cf73cfe2cd921aa8e4ae936,mta_namespace=b698114a0995e936895b9598a6c19a2c"...#
#2026 05 09 14:08:32.350#Z#DEBUG#8f3ccdc2-4bb0-11f1-ad7f-eeee0a8b5753.OPERATION#flowable-async-job-executor-thread-2430#
[DetectDeployedMtaStep] Deployed MTA service keys: [ ]#
#2026 05 09 14:08:32.350#Z#DEBUG#8f3ccdc2-4bb0-11f1-ad7f-eeee0a8b5753.OPERATION#flowable-async-job-executor-thread-2430#
Step "Detect Deployed MTA" finished#
#2026 05 09 14:08:32.394#Z#DEBUG#8f3ccdc2-4bb0-11f1-ad7f-eeee0a8b5753.OPERATION#flowable-async-job-executor-thread-2431#
[XS2CollectSystemParametersStep] Executing task "collectSystemParametersTask" of process "8f3ccde8-4bb0-11f1-ad7f-eeee0a8b5753"...#
#2026 05 09 14:08:32.395#Z#DEBUG#8f3ccdc2-4bb0-11f1-ad7f-eeee0a8b5753.OPERATION#flowable-async-job-executor-thread-2431#
[XS2CollectSystemParametersStep] Collecting system parameters...#
#2026 05 09 14:08:32.397#Z#DEBUG#8f3ccdc2-4bb0-11f1-ad7f-eeee0a8b5753.OPERATION#flowable-async-job-executor-thread-2431#
[XS2CollectSystemParametersStep] Getting default domain...#
#2026 05 09 14:08:32.430#Z#DEBUG#8f3ccdc2-4bb0-11f1-ad7f-eeee0a8b5753.OPERATION#flowable-async-job-executor-thread-2431#
[XS2CollectSystemParametersStep] Default domain: cfapps.us10-001.hana.ondemand.com#
#2026 05 09 14:08:32.430#Z#DEBUG#8f3ccdc2-4bb0-11f1-ad7f-eeee0a8b5753.OPERATION#flowable-async-job-executor-thread-2431#
[XS2CollectSystemParametersStep] Checking for overwriting read-only parameters for mta with id: "A26C405-2"#
#2026 05 09 14:08:32.430#Z#DEBUG#8f3ccdc2-4bb0-11f1-ad7f-eeee0a8b5753.OPERATION#flowable-async-job-executor-thread-2431#
[XS2CollectSystemParametersStep] No read-only parameters are overwritten#
#2026 05 09 14:08:32.445#Z#DEBUG#8f3ccdc2-4bb0-11f1-ad7f-eeee0a8b5753.OPERATION#flowable-async-job-executor-thread-2431#
[XS2CollectSystemParametersStep] Descriptor with system parameters: {
  "majorSchemaVersion" : 3,
  "schemaVersion" : "3.2.0",
  "id" : "A26C405-2",
  "version" : "0.0.1",
  "modules" : [ {
    "majorSchemaVersion" : 3,
    "name" : "a26c405-2-approuter",
    "type" : "javascript.nodejs",
    "path" : "a26c405-2-approuter",
    "properties" : { },
    "parameters" : {
      "default-url" : "${protocol}://${default-uri}",
      "default-app-name" : "a26c405-2-approuter",
      "generated-password" : "********",
      "default-live-url" : "${protocol}://${default-live-uri}",
      "default-uri" : "${host}.${domain}",
      "memory" : "256M",
      "default-instances" : 1,
      "default-live-host" : "a6637d2btrial-dev-a26c405-2-approuter",
      "instances" : "${default-instances}",
      "default-host" : "a6637d2btrial-dev-a26c405-2-approuter",
      "app-name" : "${default-app-name}",
      "default-live-uri" : "a6637d2btrial-dev-a26c405-2-approuter.${domain}",
      "protocol" : "https",
      "default-live-app-name" : "a26c405-2-approuter",
      "default-live-domain" : "cfapps.us10-001.hana.ondemand.com",
      "disk-quota" : "256M",
      "domain" : "${default-domain}",
      "host" : "${default-host}",
      "generated-user" : "********"
    },
    "requiredDependencies" : [ {
      "majorSchemaVersion" : 3,
      "name" : "A26C405-2_html_repo_runtime",
      "properties" : { },
      "parameters" : { },
      "propertiesMetadata" : {
        "metadata" : { }
      },
      "parametersMetadata" : {
        "metadata" : { }
      }
    }, {
      "majorSchemaVersion" : 3,
      "name" : "uaa_A26C405-2",
      "properties" : { },
      "parameters" : { },
      "propertiesMetadata" : {
        "metadata" : { }
      },
      "parametersMetadata" : {
        "metadata" : { }
      }
    }, {
      "majorSchemaVersion" : 3,
      "name" : "A26C405-2-destination-service",
      "group" : "destinations",
      "properties" : {
        "name" : "ui5",
        "forwardAuthToken" : "********",
        "url" : "https://ui5.sap.com"
      },
      "parameters" : { },
      "propertiesMetadata" : {
        "metadata" : { }
      },
      "parametersMetadata" : {
        "metadata" : { }
      }
    } ],
    "providedDependencies" : [ {
      "majorSchemaVersion" : 3,
      "name" : "a26c405-2-approuter",
      "isPublic" : false,
      "properties" : { },
      "parameters" : { },
      "propertiesMetadata" : {
        "metadata" : { }
      },
      "parametersMetadata" : {
        "metadata" : { }
      }
    } ],
    "propertiesMetadata" : {
      "metadata" : { }
    },
    "parametersMetadata" : {
      "metadata" : { }
    },
    "hooks" : [ ]
  }, {
    "majorSchemaVersion" : 3,
    "name" : "A26C405-2_ui_deployer",
    "type" : "com.sap.application.content",
    "path" : "A26C405-2_ui_deployer",
    "properties" : { },
    "parameters" : {
      "default-url" : "${protocol}://${default-uri}",
      "default-app-name" : "A26C405-2_ui_deployer",
      "generated-password" : "********",
      "default-live-url" : "${protocol}://${default-live-uri}",
      "default-uri" : "${host}.${domain}",
      "default-instances" : 1,
      "default-live-host" : "a6637d2btrial-dev-a26c405-2-ui-deployer",
      "instances" : "${default-instances}",
      "default-host" : "a6637d2btrial-dev-a26c405-2-ui-deployer",
      "app-name" : "${default-app-name}",
      "default-live-uri" : "a6637d2btrial-dev-a26c405-2-ui-deployer.${domain}",
      "protocol" : "https",
      "default-live-app-name" : "A26C405-2_ui_deployer",
      "default-live-domain" : "cfapps.us10-001.hana.ondemand.com",
      "domain" : "${default-domain}",
      "host" : "${default-host}",
      "generated-user" : "********"
    },
    "requiredDependencies" : [ {
      "majorSchemaVersion" : 3,
      "name" : "A26C405-2_html_repo_host",
      "properties" : { },
      "parameters" : {
        "content-target" : true
      },
      "propertiesMetadata" : {
        "metadata" : { }
      },
      "parametersMetadata" : {
        "metadata" : { }
      }
    } ],
    "providedDependencies" : [ {
      "majorSchemaVersion" : 3,
      "name" : "A26C405-2_ui_deployer",
      "isPublic" : false,
      "properties" : { },
      "parameters" : { },
      "propertiesMetadata" : {
        "metadata" : { }
      },
      "parametersMetadata" : {
        "metadata" : { }
      }
    } ],
    "propertiesMetadata" : {
      "metadata" : { }
    },
    "parametersMetadata" : {
      "metadata" : { }
    },
    "hooks" : [ ]
  } ],
  "resources" : [ {
    "majorSchemaVersion" : 3,
    "name" : "A26C405-2_html_repo_runtime",
    "type" : "org.cloudfoundry.managed-service",
    "properties" : { },
    "parameters" : {
      "generated-password" : "********",
      "service-name" : "${default-service-name}",
      "service-plan" : "app-runtime",
      "service" : "html5-apps-repo",
      "generated-user" : "********",
      "default-xsappname" : "A26C405-2_html_repo_runtime",
      "type" : "managed-service",
      "default-service-name" : "A26C405-2_html_repo_runtime",
      "default-container-name" : "A6637D2BTRIAL_DEV_A26C405_2_HTML_REPO_RUNTIME"
    },
    "isActive" : true,
    "isOptional" : false,
    "propertiesMetadata" : {
      "metadata" : { }
    },
    "parametersMetadata" : {
      "metadata" : { }
    },
    "requiredDependencies" : [ ],
    "processedAfter" : [ ]
  }, {
    "majorSchemaVersion" : 3,
    "name" : "uaa_A26C405-2",
    "type" : "org.cloudfoundry.managed-service",
    "properties" : { },
    "parameters" : {
      "generated-password" : "********",
      "path" : "./xs-security.json",
      "service-name" : "A26C405-2-xsuaa-service",
      "service-plan" : "application",
      "service" : "xsuaa",
      "generated-user" : "********",
      "default-xsappname" : "uaa_A26C405-2",
      "type" : "managed-service",
      "default-service-name" : "uaa_A26C405-2",
      "default-container-name" : "A6637D2BTRIAL_DEV_UAA_A26C405_2"
    },
    "isActive" : true,
    "isOptional" : false,
    "propertiesMetadata" : {
      "metadata" : { }
    },
    "parametersMetadata" : {
      "metadata" : { }
    },
    "requiredDependencies" : [ ],
    "processedAfter" : [ ]
  }, {
    "majorSchemaVersion" : 3,
    "name" : "A26C405-2_html_repo_host",
    "type" : "org.cloudfoundry.managed-service",
    "properties" : { },
    "parameters" : {
      "generated-password" : "********",
      "service-name" : "${default-service-name}",
      "service-plan" : "app-host",
      "service" : "html5-apps-repo",
      "generated-user" : "********",
      "default-xsappname" : "A26C405-2_html_repo_host",
      "type" : "managed-service",
      "default-service-name" : "A26C405-2_html_repo_host",
      "default-container-name" : "A6637D2BTRIAL_DEV_A26C405_2_HTML_REPO_HOST"
    },
    "isActive" : true,
    "isOptional" : false,
    "propertiesMetadata" : {
      "metadata" : { }
    },
    "parametersMetadata" : {
      "metadata" : { }
    },
    "requiredDependencies" : [ ],
    "processedAfter" : [ ]
  }, {
    "majorSchemaVersion" : 3,
    "name" : "A26C405-2-destination-service",
    "type" : "org.cloudfoundry.managed-service",
    "properties" : { },
    "parameters" : {
      "generated-password" : "********",
      "service-name" : "A26C405-2-destination-service",
      "service-plan" : "lite",
      "service" : "destination",
      "generated-user" : "********",
      "default-xsappname" : "A26C405-2-destination-service",
      "type" : "managed-service",
      "config" : {
        "HTML5Runtime_enabled" : false,
        "init_data" : {
          "instance" : {
            "destinations" : [ {
              "Authentication" : "********",
              "Name" : "ui5",
              "ProxyType" : "Internet",
              "Type" : "HTTP",
              "URL" : "https://ui5.sap.com"
            } ],
            "existing_destinations_policy" : "update"
          }
        },
        "version" : "1.0.0"
      },
      "default-service-name" : "A26C405-2-destination-service",
      "default-container-name" : "A6637D2BTRIAL_DEV_A26C405_2_DESTINATION_SERVICE"
    },
    "isActive" : true,
    "isOptional" : false,
    "propertiesMetadata" : {
      "metadata" : { }
    },
    "parametersMetadata" : {
      "metadata" : { }
    },
    "requiredDependencies" : [ ],
    "processedAfter" : [ ]
  } ],
  "parameters" : {
    "deploy_mode" : "html5-repo",
    "mta-id" : "A26C405-2",
    "authorization-url" : "********",
    "org-guid" : "94d42ea2-4c46-47a3-8368-3ff79fe8eacd",
    "org" : "a6637d2btrial",
    "deploy-target" : "a6637d2btrial dev",
    "enable-parallel-deployments" : true,
    "space" : "dev",
    "xs-api-url" : "https://api.cf.us10-001.hana.ondemand.com",
    "deploy-url" : "deploy-service.cfapps.us10-001.hana.ondemand.com",
    "xs-type" : "CF",
    "default-domain" : "cfapps.us10-001.hana.ondemand.com",
    "mta-version" : "0.0.1",
    "xs-auth-url" : "********",
    "space-guid" : "e694f4ed-6fa8-4f4f-8689-7c6cb666a88a",
    "user" : "********",
    "controller-url" : "https://api.cf.us10-001.hana.ondemand.com",
    "timestamp" : "20260509140831"
  },
  "parametersMetadata" : {
    "metadata" : { }
  }
}#
#2026 05 09 14:08:32.445#Z#DEBUG#8f3ccdc2-4bb0-11f1-ad7f-eeee0a8b5753.OPERATION#flowable-async-job-executor-thread-2431#
[XS2CollectSystemParametersStep] Version rule: SAME_HIGHER#
#2026 05 09 14:08:32.445#Z#INFO#8f3ccdc2-4bb0-11f1-ad7f-eeee0a8b5753.OPERATION#flowable-async-job-executor-thread-2431#
[XS2CollectSystemParametersStep] Detected new MTA version: "0.0.1"#
#2026 05 09 14:08:32.451#Z#DEBUG#8f3ccdc2-4bb0-11f1-ad7f-eeee0a8b5753.OPERATION#flowable-async-job-executor-thread-2431#
[XS2CollectSystemParametersStep] MTA accepted for deployment#
#2026 05 09 14:08:32.451#Z#DEBUG#8f3ccdc2-4bb0-11f1-ad7f-eeee0a8b5753.OPERATION#flowable-async-job-executor-thread-2431#
[XS2CollectSystemParametersStep] System parameters collected#
#2026 05 09 14:08:32.451#Z#DEBUG#8f3ccdc2-4bb0-11f1-ad7f-eeee0a8b5753.OPERATION#flowable-async-job-executor-thread-2431#
Step "Collect System Parameters" finished#
#2026 05 09 14:08:32.497#Z#DEBUG#8f3ccdc2-4bb0-11f1-ad7f-eeee0a8b5753.OPERATION#flowable-async-job-executor-thread-2432#
[ProcessDescriptorStep] Executing task "processDescriptorTask" of process "8f3ccde8-4bb0-11f1-ad7f-eeee0a8b5753"...#
#2026 05 09 14:08:32.498#Z#DEBUG#8f3ccdc2-4bb0-11f1-ad7f-eeee0a8b5753.OPERATION#flowable-async-job-executor-thread-2432#
[ProcessDescriptorStep] Resolving properties and parameters in merged descriptor...#
#2026 05 09 14:08:32.503#Z#DEBUG#8f3ccdc2-4bb0-11f1-ad7f-eeee0a8b5753.OPERATION#flowable-async-job-executor-thread-2432#
[ProcessDescriptorStep] Subscriptions: [ ]#
#2026 05 09 14:08:32.503#Z#DEBUG#8f3ccdc2-4bb0-11f1-ad7f-eeee0a8b5753.OPERATION#flowable-async-job-executor-thread-2432#
[ProcessDescriptorStep] MTA modules: [A26C405-2_ui_deployer, a26c405-2-approuter]#
#2026 05 09 14:08:32.504#Z#DEBUG#8f3ccdc2-4bb0-11f1-ad7f-eeee0a8b5753.OPERATION#flowable-async-job-executor-thread-2432#
[ProcessDescriptorStep] Resolved deployment descriptor: {
  "majorSchemaVersion" : 3,
  "schemaVersion" : "3.2.0",
  "id" : "A26C405-2",
  "version" : "0.0.1",
  "modules" : [ {
    "majorSchemaVersion" : 3,
    "name" : "a26c405-2-approuter",
    "type" : "javascript.nodejs",
    "path" : "a26c405-2-approuter",
    "properties" : { },
    "parameters" : {
      "default-url" : "https://a6637d2btrial-dev-a26c405-2-approuter.cfapps.us10-001.hana.ondemand.com",
      "default-app-name" : "a26c405-2-approuter",
      "generated-password" : "********",
      "default-live-url" : "https://a6637d2btrial-dev-a26c405-2-approuter.cfapps.us10-001.hana.ondemand.com",
      "default-uri" : "a6637d2btrial-dev-a26c405-2-approuter.cfapps.us10-001.hana.ondemand.com",
      "memory" : "256M",
      "default-instances" : 1,
      "default-live-host" : "a6637d2btrial-dev-a26c405-2-approuter",
      "instances" : 1,
      "default-host" : "a6637d2btrial-dev-a26c405-2-approuter",
      "app-name" : "a26c405-2-approuter",
      "default-live-uri" : "a6637d2btrial-dev-a26c405-2-approuter.cfapps.us10-001.hana.ondemand.com",
      "protocol" : "https",
      "default-live-app-name" : "a26c405-2-approuter",
      "default-live-domain" : "cfapps.us10-001.hana.ondemand.com",
      "disk-quota" : "256M",
      "domain" : "cfapps.us10-001.hana.ondemand.com",
      "host" : "a6637d2btrial-dev-a26c405-2-approuter",
      "generated-user" : "********"
    },
    "requiredDependencies" : [ {
      "majorSchemaVersion" : 3,
      "name" : "A26C405-2_html_repo_runtime",
      "properties" : { },
      "parameters" : { },
      "propertiesMetadata" : {
        "metadata" : { }
      },
      "parametersMetadata" : {
        "metadata" : { }
      }
    }, {
      "majorSchemaVersion" : 3,
      "name" : "uaa_A26C405-2",
      "properties" : { },
      "parameters" : { },
      "propertiesMetadata" : {
        "metadata" : { }
      },
      "parametersMetadata" : {
        "metadata" : { }
      }
    }, {
      "majorSchemaVersion" : 3,
      "name" : "A26C405-2-destination-service",
      "group" : "destinations",
      "properties" : {
        "name" : "ui5",
        "forwardAuthToken" : "********",
        "url" : "https://ui5.sap.com"
      },
      "parameters" : { },
      "propertiesMetadata" : {
        "metadata" : { }
      },
      "parametersMetadata" : {
        "metadata" : { }
      }
    } ],
    "providedDependencies" : [ {
      "majorSchemaVersion" : 3,
      "name" : "a26c405-2-approuter",
      "isPublic" : false,
      "properties" : { },
      "parameters" : { },
      "propertiesMetadata" : {
        "metadata" : { }
      },
      "parametersMetadata" : {
        "metadata" : { }
      }
    } ],
    "propertiesMetadata" : {
      "metadata" : { }
    },
    "parametersMetadata" : {
      "metadata" : { }
    },
    "hooks" : [ ]
  }, {
    "majorSchemaVersion" : 3,
    "name" : "A26C405-2_ui_deployer",
    "type" : "com.sap.application.content",
    "path" : "A26C405-2_ui_deployer",
    "properties" : { },
    "parameters" : {
      "default-url" : "https://a6637d2btrial-dev-a26c405-2-ui-deployer.cfapps.us10-001.hana.ondemand.com",
      "default-app-name" : "A26C405-2_ui_deployer",
      "generated-password" : "********",
      "default-live-url" : "https://a6637d2btrial-dev-a26c405-2-ui-deployer.cfapps.us10-001.hana.ondemand.com",
      "default-uri" : "a6637d2btrial-dev-a26c405-2-ui-deployer.cfapps.us10-001.hana.ondemand.com",
      "default-instances" : 1,
      "default-live-host" : "a6637d2btrial-dev-a26c405-2-ui-deployer",
      "instances" : 1,
      "default-host" : "a6637d2btrial-dev-a26c405-2-ui-deployer",
      "app-name" : "A26C405-2_ui_deployer",
      "default-live-uri" : "a6637d2btrial-dev-a26c405-2-ui-deployer.cfapps.us10-001.hana.ondemand.com",
      "protocol" : "https",
      "default-live-app-name" : "A26C405-2_ui_deployer",
      "default-live-domain" : "cfapps.us10-001.hana.ondemand.com",
      "domain" : "cfapps.us10-001.hana.ondemand.com",
      "host" : "a6637d2btrial-dev-a26c405-2-ui-deployer",
      "generated-user" : "********"
    },
    "requiredDependencies" : [ {
      "majorSchemaVersion" : 3,
      "name" : "A26C405-2_html_repo_host",
      "properties" : { },
      "parameters" : {
        "content-target" : true
      },
      "propertiesMetadata" : {
        "metadata" : { }
      },
      "parametersMetadata" : {
        "metadata" : { }
      }
    } ],
    "providedDependencies" : [ {
      "majorSchemaVersion" : 3,
      "name" : "A26C405-2_ui_deployer",
      "isPublic" : false,
      "properties" : { },
      "parameters" : { },
      "propertiesMetadata" : {
        "metadata" : { }
      },
      "parametersMetadata" : {
        "metadata" : { }
      }
    } ],
    "propertiesMetadata" : {
      "metadata" : { }
    },
    "parametersMetadata" : {
      "metadata" : { }
    },
    "hooks" : [ ]
  } ],
  "resources" : [ {
    "majorSchemaVersion" : 3,
    "name" : "A26C405-2_html_repo_runtime",
    "type" : "org.cloudfoundry.managed-service",
    "properties" : { },
    "parameters" : {
      "generated-password" : "********",
      "service-name" : "A26C405-2_html_repo_runtime",
      "service-plan" : "app-runtime",
      "service" : "html5-apps-repo",
      "generated-user" : "********",
      "default-xsappname" : "A26C405-2_html_repo_runtime",
      "type" : "managed-service",
      "default-service-name" : "A26C405-2_html_repo_runtime",
      "default-container-name" : "A6637D2BTRIAL_DEV_A26C405_2_HTML_REPO_RUNTIME"
    },
    "isActive" : true,
    "isOptional" : false,
    "propertiesMetadata" : {
      "metadata" : { }
    },
    "parametersMetadata" : {
      "metadata" : { }
    },
    "requiredDependencies" : [ ],
    "processedAfter" : [ ]
  }, {
    "majorSchemaVersion" : 3,
    "name" : "uaa_A26C405-2",
    "type" : "org.cloudfoundry.managed-service",
    "properties" : { },
    "parameters" : {
      "generated-password" : "********",
      "path" : "./xs-security.json",
      "service-name" : "A26C405-2-xsuaa-service",
      "service-plan" : "application",
      "service" : "xsuaa",
      "generated-user" : "********",
      "default-xsappname" : "uaa_A26C405-2",
      "type" : "managed-service",
      "default-service-name" : "uaa_A26C405-2",
      "default-container-name" : "A6637D2BTRIAL_DEV_UAA_A26C405_2"
    },
    "isActive" : true,
    "isOptional" : false,
    "propertiesMetadata" : {
      "metadata" : { }
    },
    "parametersMetadata" : {
      "metadata" : { }
    },
    "requiredDependencies" : [ ],
    "processedAfter" : [ ]
  }, {
    "majorSchemaVersion" : 3,
    "name" : "A26C405-2_html_repo_host",
    "type" : "org.cloudfoundry.managed-service",
    "properties" : { },
    "parameters" : {
      "generated-password" : "********",
      "service-name" : "A26C405-2_html_repo_host",
      "service-plan" : "app-host",
      "service" : "html5-apps-repo",
      "generated-user" : "********",
      "default-xsappname" : "A26C405-2_html_repo_host",
      "type" : "managed-service",
      "default-service-name" : "A26C405-2_html_repo_host",
      "default-container-name" : "A6637D2BTRIAL_DEV_A26C405_2_HTML_REPO_HOST"
    },
    "isActive" : true,
    "isOptional" : false,
    "propertiesMetadata" : {
      "metadata" : { }
    },
    "parametersMetadata" : {
      "metadata" : { }
    },
    "requiredDependencies" : [ ],
    "processedAfter" : [ ]
  }, {
    "majorSchemaVersion" : 3,
    "name" : "A26C405-2-destination-service",
    "type" : "org.cloudfoundry.managed-service",
    "properties" : { },
    "parameters" : {
      "generated-password" : "********",
      "service-name" : "A26C405-2-destination-service",
      "service-plan" : "lite",
      "service" : "destination",
      "generated-user" : "********",
      "default-xsappname" : "A26C405-2-destination-service",
      "type" : "managed-service",
      "config" : {
        "HTML5Runtime_enabled" : false,
        "init_data" : {
          "instance" : {
            "destinations" : [ {
              "Authentication" : "********",
              "Name" : "ui5",
              "ProxyType" : "Internet",
              "Type" : "HTTP",
              "URL" : "https://ui5.sap.com"
            } ],
            "existing_destinations_policy" : "update"
          }
        },
        "version" : "1.0.0"
      },
      "default-service-name" : "A26C405-2-destination-service",
      "default-container-name" : "A6637D2BTRIAL_DEV_A26C405_2_DESTINATION_SERVICE"
    },
    "isActive" : true,
    "isOptional" : false,
    "propertiesMetadata" : {
      "metadata" : { }
    },
    "parametersMetadata" : {
      "metadata" : { }
    },
    "requiredDependencies" : [ ],
    "processedAfter" : [ ]
  } ],
  "parameters" : {
    "deploy_mode" : "html5-repo",
    "mta-id" : "A26C405-2",
    "authorization-url" : "********",
    "org-guid" : "94d42ea2-4c46-47a3-8368-3ff79fe8eacd",
    "org" : "a6637d2btrial",
    "deploy-target" : "a6637d2btrial dev",
    "enable-parallel-deployments" : true,
    "region-primary-domain" : "us10.hana.ondemand.com",
    "space" : "dev",
    "region-domain" : "us10-001.hana.ondemand.com",
    "xs-api-url" : "https://api.cf.us10-001.hana.ondemand.com",
    "deploy-url" : "deploy-service.cfapps.us10-001.hana.ondemand.com",
    "xs-type" : "CF",
    "default-domain" : "cfapps.us10-001.hana.ondemand.com",
    "mta-version" : "0.0.1",
    "xs-auth-url" : "********",
    "space-guid" : "e694f4ed-6fa8-4f4f-8689-7c6cb666a88a",
    "user" : "********",
    "controller-url" : "https://api.cf.us10-001.hana.ondemand.com",
    "timestamp" : "20260509140831"
  },
  "parametersMetadata" : {
    "metadata" : { }
  }
}#
#2026 05 09 14:08:32.504#Z#DEBUG#8f3ccdc2-4bb0-11f1-ad7f-eeee0a8b5753.OPERATION#flowable-async-job-executor-thread-2432#
[ProcessDescriptorStep] Merged descriptor properties and parameters resolved#
#2026 05 09 14:08:32.504#Z#DEBUG#8f3ccdc2-4bb0-11f1-ad7f-eeee0a8b5753.OPERATION#flowable-async-job-executor-thread-2432#
Step "Process Descriptor Step" finished#
#2026 05 09 14:08:32.548#Z#DEBUG#8f3ccdc2-4bb0-11f1-ad7f-eeee0a8b5753.OPERATION#flowable-async-job-executor-thread-2433#
[XS2BuildCloudDeployModelStep] Executing task "buildDeployModelTask" of process "8f3ccde8-4bb0-11f1-ad7f-eeee0a8b5753"...#
#2026 05 09 14:08:32.552#Z#DEBUG#8f3ccdc2-4bb0-11f1-ad7f-eeee0a8b5753.OPERATION#flowable-async-job-executor-thread-2433#
[XS2BuildCloudDeployModelStep] Service keys defined for content deployment grouped by service name: {
  "A26C405-2_html_repo_host" : [ {
    "name" : "********",
    "v3Metadata" : {
      "annotations" : {
        "mta_id" : "A26C405-2",
        "mta_version" : "0.0.1"
      },
      "labels" : {
        "mta_id" : "7081ee827cf73cfe2cd921aa8e4ae936",
        "space_guid" : "e694f4ed-6fa8-4f4f-8689-7c6cb666a88a"
      }
    },
    "credentials" : "********",
    "moduleName" : "A26C405-2_ui_deployer",
    "resourceName" : "A26C405-2_html_repo_host",
    "serviceInstance" : {
      "isOptional" : false,
      "isManaged" : false,
      "name" : "A26C405-2_html_repo_host",
      "credentials" : "********",
      "tags" : [ ],
      "shouldSkipParametersUpdate" : false,
      "shouldSkipPlanUpdate" : false,
      "shouldSkipTagsUpdate" : false,
      "shouldSkipSyslogUrlUpdate" : false
    },
    "shouldDeleteServiceKeyAfterDeploy" : "********",
    "resourceType" : "org.cloudfoundry.managed-service"
  } ]
}#
#2026 05 09 14:08:32.552#Z#DEBUG#8f3ccdc2-4bb0-11f1-ad7f-eeee0a8b5753.OPERATION#flowable-async-job-executor-thread-2433#
[XS2BuildCloudDeployModelStep] Building cloud deployment model...#
#2026 05 09 14:08:32.553#Z#DEBUG#8f3ccdc2-4bb0-11f1-ad7f-eeee0a8b5753.OPERATION#flowable-async-job-executor-thread-2433#
[XS2BuildCloudDeployModelStep] MTA archive modules: [A26C405-2_ui_deployer, a26c405-2-approuter]#
#2026 05 09 14:08:32.553#Z#DEBUG#8f3ccdc2-4bb0-11f1-ad7f-eeee0a8b5753.OPERATION#flowable-async-job-executor-thread-2433#
[XS2BuildCloudDeployModelStep] Deployed modules: []#
#2026 05 09 14:08:32.554#Z#DEBUG#8f3ccdc2-4bb0-11f1-ad7f-eeee0a8b5753.OPERATION#flowable-async-job-executor-thread-2433#
[XS2BuildCloudDeployModelStep] MTA modules: [A26C405-2_ui_deployer, a26c405-2-approuter]#
#2026 05 09 14:08:32.555#Z#DEBUG#8f3ccdc2-4bb0-11f1-ad7f-eeee0a8b5753.OPERATION#flowable-async-job-executor-thread-2433#
[XS2BuildCloudDeployModelStep] Service keys to create: {
  "A26C405-2_html_repo_host" : [ ],
  "A26C405-2_html_repo_runtime" : [ ],
  "A26C405-2-destination-service" : [ ],
  "uaa_A26C405-2" : [ ]
}#
#2026 05 09 14:08:32.555#Z#DEBUG#8f3ccdc2-4bb0-11f1-ad7f-eeee0a8b5753.OPERATION#flowable-async-job-executor-thread-2433#
[XS2BuildCloudDeployModelStep] Modules to deploy: [{
  "majorSchemaVersion" : 3,
  "name" : "a26c405-2-approuter",
  "type" : "javascript.nodejs",
  "path" : "a26c405-2-approuter",
  "properties" : { },
  "parameters" : {
    "default-url" : "https://a6637d2btrial-dev-a26c405-2-approuter.cfapps.us10-001.hana.ondemand.com",
    "default-app-name" : "a26c405-2-approuter",
    "generated-password" : "********",
    "default-live-url" : "https://a6637d2btrial-dev-a26c405-2-approuter.cfapps.us10-001.hana.ondemand.com",
    "default-uri" : "a6637d2btrial-dev-a26c405-2-approuter.cfapps.us10-001.hana.ondemand.com",
    "memory" : "256M",
    "default-instances" : 1,
    "default-live-host" : "a6637d2btrial-dev-a26c405-2-approuter",
    "instances" : 1,
    "default-host" : "a6637d2btrial-dev-a26c405-2-approuter",
    "app-name" : "a26c405-2-approuter",
    "default-live-uri" : "a6637d2btrial-dev-a26c405-2-approuter.cfapps.us10-001.hana.ondemand.com",
    "protocol" : "https",
    "default-live-app-name" : "a26c405-2-approuter",
    "default-live-domain" : "cfapps.us10-001.hana.ondemand.com",
    "disk-quota" : "256M",
    "dependency-type" : "soft",
    "domain" : "cfapps.us10-001.hana.ondemand.com",
    "host" : "a6637d2btrial-dev-a26c405-2-approuter",
    "generated-user" : "********"
  },
  "requiredDependencies" : [ {
    "majorSchemaVersion" : 3,
    "name" : "A26C405-2_html_repo_runtime",
    "properties" : { },
    "parameters" : { },
    "propertiesMetadata" : {
      "metadata" : { }
    },
    "parametersMetadata" : {
      "metadata" : { }
    }
  }, {
    "majorSchemaVersion" : 3,
    "name" : "uaa_A26C405-2",
    "properties" : { },
    "parameters" : { },
    "propertiesMetadata" : {
      "metadata" : { }
    },
    "parametersMetadata" : {
      "metadata" : { }
    }
  }, {
    "majorSchemaVersion" : 3,
    "name" : "A26C405-2-destination-service",
    "group" : "destinations",
    "properties" : {
      "name" : "ui5",
      "forwardAuthToken" : "********",
      "url" : "https://ui5.sap.com"
    },
    "parameters" : { },
    "propertiesMetadata" : {
      "metadata" : { }
    },
    "parametersMetadata" : {
      "metadata" : { }
    }
  } ],
  "providedDependencies" : [ {
    "majorSchemaVersion" : 3,
    "name" : "a26c405-2-approuter",
    "isPublic" : false,
    "properties" : { },
    "parameters" : { },
    "propertiesMetadata" : {
      "metadata" : { }
    },
    "parametersMetadata" : {
      "metadata" : { }
    }
  } ],
  "propertiesMetadata" : {
    "metadata" : { }
  },
  "parametersMetadata" : {
    "metadata" : { }
  },
  "deployedAfter" : [ ],
  "hooks" : [ ]
}, {
  "majorSchemaVersion" : 3,
  "name" : "A26C405-2_ui_deployer",
  "type" : "com.sap.application.content",
  "path" : "A26C405-2_ui_deployer",
  "properties" : { },
  "parameters" : {
    "default-url" : "https://a6637d2btrial-dev-a26c405-2-ui-deployer.cfapps.us10-001.hana.ondemand.com",
    "default-app-name" : "A26C405-2_ui_deployer",
    "generated-password" : "********",
    "default-live-url" : "https://a6637d2btrial-dev-a26c405-2-ui-deployer.cfapps.us10-001.hana.ondemand.com",
    "default-uri" : "a6637d2btrial-dev-a26c405-2-ui-deployer.cfapps.us10-001.hana.ondemand.com",
    "default-instances" : 1,
    "default-live-host" : "a6637d2btrial-dev-a26c405-2-ui-deployer",
    "instances" : 1,
    "default-host" : "a6637d2btrial-dev-a26c405-2-ui-deployer",
    "app-name" : "A26C405-2_ui_deployer",
    "default-live-uri" : "a6637d2btrial-dev-a26c405-2-ui-deployer.cfapps.us10-001.hana.ondemand.com",
    "protocol" : "https",
    "default-live-app-name" : "A26C405-2_ui_deployer",
    "default-live-domain" : "cfapps.us10-001.hana.ondemand.com",
    "dependency-type" : "soft",
    "domain" : "cfapps.us10-001.hana.ondemand.com",
    "host" : "a6637d2btrial-dev-a26c405-2-ui-deployer",
    "generated-user" : "********"
  },
  "requiredDependencies" : [ {
    "majorSchemaVersion" : 3,
    "name" : "A26C405-2_html_repo_host",
    "properties" : { },
    "parameters" : {
      "content-target" : true
    },
    "propertiesMetadata" : {
      "metadata" : { }
    },
    "parametersMetadata" : {
      "metadata" : { }
    }
  } ],
  "providedDependencies" : [ {
    "majorSchemaVersion" : 3,
    "name" : "A26C405-2_ui_deployer",
    "isPublic" : false,
    "properties" : { },
    "parameters" : { },
    "propertiesMetadata" : {
      "metadata" : { }
    },
    "parametersMetadata" : {
      "metadata" : { }
    }
  } ],
  "propertiesMetadata" : {
    "metadata" : { }
  },
  "parametersMetadata" : {
    "metadata" : { }
  },
  "deployedAfter" : [ ],
  "hooks" : [ ]
}]#
#2026 05 09 14:08:32.556#Z#DEBUG#8f3ccdc2-4bb0-11f1-ad7f-eeee0a8b5753.OPERATION#flowable-async-job-executor-thread-2433#
[XS2BuildCloudDeployModelStep] Custom domains: []#
#2026 05 09 14:08:32.557#Z#DEBUG#8f3ccdc2-4bb0-11f1-ad7f-eeee0a8b5753.OPERATION#flowable-async-job-executor-thread-2433#
[XS2BuildCloudDeployModelStep] Calculating resource batches...#
#2026 05 09 14:08:32.558#Z#DEBUG#8f3ccdc2-4bb0-11f1-ad7f-eeee0a8b5753.OPERATION#flowable-async-job-executor-thread-2433#
[XS2BuildCloudDeployModelStep] Calculating resource batches completed.#
#2026 05 09 14:08:32.558#Z#DEBUG#8f3ccdc2-4bb0-11f1-ad7f-eeee0a8b5753.OPERATION#flowable-async-job-executor-thread-2433#
[XS2BuildCloudDeployModelStep] Cloud deployment model built#
#2026 05 09 14:08:32.558#Z#DEBUG#8f3ccdc2-4bb0-11f1-ad7f-eeee0a8b5753.OPERATION#flowable-async-job-executor-thread-2433#
Step "Build Deploy Model" finished#
#2026 05 09 14:08:32.608#Z#DEBUG#8f3ccdc2-4bb0-11f1-ad7f-eeee0a8b5753.OPERATION#flowable-async-job-executor-thread-2434#
[BuildCloudUndeployModelStep] Executing task "buildUndeployModelTask" of process "8f3ccde8-4bb0-11f1-ad7f-eeee0a8b5753"...#
#2026 05 09 14:08:32.609#Z#DEBUG#8f3ccdc2-4bb0-11f1-ad7f-eeee0a8b5753.OPERATION#flowable-async-job-executor-thread-2434#
[BuildCloudUndeployModelStep] Building cloud undeployment model...#
#2026 05 09 14:08:32.610#Z#DEBUG#8f3ccdc2-4bb0-11f1-ad7f-eeee0a8b5753.OPERATION#flowable-async-job-executor-thread-2434#
[BuildCloudUndeployModelStep] Detecting service keys to delete.#
#2026 05 09 14:08:32.611#Z#DEBUG#8f3ccdc2-4bb0-11f1-ad7f-eeee0a8b5753.OPERATION#flowable-async-job-executor-thread-2434#
[BuildCloudUndeployModelStep] No deployed service keys detected!#
#2026 05 09 14:08:32.611#Z#DEBUG#8f3ccdc2-4bb0-11f1-ad7f-eeee0a8b5753.OPERATION#flowable-async-job-executor-thread-2434#
[BuildCloudUndeployModelStep] Detected service keys to delete "[]"#
#2026 05 09 14:08:32.614#Z#DEBUG#8f3ccdc2-4bb0-11f1-ad7f-eeee0a8b5753.OPERATION#flowable-async-job-executor-thread-2434#
Step "Build Undeploy Model" finished#
#2026 05 09 14:08:32.658#Z#DEBUG#8f3ccdc2-4bb0-11f1-ad7f-eeee0a8b5753.OPERATION#flowable-async-job-executor-thread-2434#
[AddDomainsStep] Executing task "addDomainsTask" of process "8f3ccde8-4bb0-11f1-ad7f-eeee0a8b5753"...#
#2026 05 09 14:08:32.661#Z#DEBUG#8f3ccdc2-4bb0-11f1-ad7f-eeee0a8b5753.OPERATION#flowable-async-job-executor-thread-2434#
[AddDomainsStep] Custom domains: []#
#2026 05 09 14:08:32.661#Z#DEBUG#8f3ccdc2-4bb0-11f1-ad7f-eeee0a8b5753.OPERATION#flowable-async-job-executor-thread-2434#
Step "Add Domains" finished#
#2026 05 09 14:08:32.808#Z#DEBUG#8f3ccdc2-4bb0-11f1-ad7f-eeee0a8b5753.OPERATION#flowable-async-job-executor-thread-2437#
[ExtractBatchedServicesWithResolvedDynamicParametersStep] Executing task "prepareModulesDeploymentTask" of process "8fff0d7c-4bb0-11f1-ad7f-eeee0a8b5753"...#
#2026 05 09 14:08:32.810#Z#DEBUG#8f3ccdc2-4bb0-11f1-ad7f-eeee0a8b5753.OPERATION#flowable-async-job-executor-thread-2437#
[ExtractBatchedServicesWithResolvedDynamicParametersStep] Extracting services and resolving dynamic parameters from batch#
#2026 05 09 14:08:32.812#Z#DEBUG#8f3ccdc2-4bb0-11f1-ad7f-eeee0a8b5753.OPERATION#flowable-async-job-executor-thread-2437#
[ExtractBatchedServicesWithResolvedDynamicParametersStep] Services to create: [ {
  "isOptional" : false,
  "isManaged" : true,
  "name" : "A26C405-2_html_repo_runtime",
  "v3Metadata" : {
    "annotations" : {
      "mta_id" : "A26C405-2",
      "mta_version" : "0.0.1",
      "mta_resource" : "{\"name\":\"A26C405-2_html_repo_runtime\"}"
    },
    "labels" : {
      "mta_id" : "7081ee827cf73cfe2cd921aa8e4ae936"
    }
  },
  "label" : "html5-apps-repo",
  "plan" : "app-runtime",
  "credentials" : "********",
  "tags" : [ ],
  "type" : "managed",
  "resourceName" : "A26C405-2_html_repo_runtime",
  "shouldSkipParametersUpdate" : false,
  "shouldSkipPlanUpdate" : false,
  "shouldSkipTagsUpdate" : false,
  "shouldSkipSyslogUrlUpdate" : false
}, {
  "isOptional" : false,
  "isManaged" : true,
  "name" : "A26C405-2-xsuaa-service",
  "v3Metadata" : {
    "annotations" : {
      "mta_id" : "A26C405-2",
      "mta_version" : "0.0.1",
      "mta_resource" : "{\"name\":\"uaa_A26C405-2\"}"
    },
    "labels" : {
      "mta_id" : "7081ee827cf73cfe2cd921aa8e4ae936"
    }
  },
  "label" : "xsuaa",
  "plan" : "application",
  "credentials" : "********",
  "tags" : [ ],
  "type" : "managed",
  "resourceName" : "uaa_A26C405-2",
  "shouldSkipParametersUpdate" : false,
  "shouldSkipPlanUpdate" : false,
  "shouldSkipTagsUpdate" : false,
  "shouldSkipSyslogUrlUpdate" : false
}, {
  "isOptional" : false,
  "isManaged" : true,
  "name" : "A26C405-2_html_repo_host",
  "v3Metadata" : {
    "annotations" : {
      "mta_id" : "A26C405-2",
      "mta_version" : "0.0.1",
      "mta_resource" : "{\"name\":\"A26C405-2_html_repo_host\"}"
    },
    "labels" : {
      "mta_id" : "7081ee827cf73cfe2cd921aa8e4ae936"
    }
  },
  "label" : "html5-apps-repo",
  "plan" : "app-host",
  "credentials" : "********",
  "tags" : [ ],
  "type" : "managed",
  "resourceName" : "A26C405-2_html_repo_host",
  "shouldSkipParametersUpdate" : false,
  "shouldSkipPlanUpdate" : false,
  "shouldSkipTagsUpdate" : false,
  "shouldSkipSyslogUrlUpdate" : false
}, {
  "isOptional" : false,
  "isManaged" : true,
  "name" : "A26C405-2-destination-service",
  "v3Metadata" : {
    "annotations" : {
      "mta_id" : "A26C405-2",
      "mta_version" : "0.0.1",
      "mta_resource" : "{\"name\":\"A26C405-2-destination-service\"}"
    },
    "labels" : {
      "mta_id" : "7081ee827cf73cfe2cd921aa8e4ae936"
    }
  },
  "label" : "destination",
  "plan" : "lite",
  "credentials" : "********",
  "tags" : [ ],
  "type" : "managed",
  "resourceName" : "A26C405-2-destination-service",
  "shouldSkipParametersUpdate" : false,
  "shouldSkipPlanUpdate" : false,
  "shouldSkipTagsUpdate" : false,
  "shouldSkipSyslogUrlUpdate" : false
} ]#
#2026 05 09 14:08:32.813#Z#DEBUG#8f3ccdc2-4bb0-11f1-ad7f-eeee0a8b5753.OPERATION#flowable-async-job-executor-thread-2437#
Step "Extract Services with Resolved Dynamic parameters from batch" finished#
#2026 05 09 14:08:32.928#Z#DEBUG#8f3ccdc2-4bb0-11f1-ad7f-eeee0a8b5753.OPERATION#flowable-async-job-executor-thread-2435#
[CheckServiceOperationStateStep] Executing task "CheckServiceOperationStateTask" of process "9014deb4-4bb0-11f1-ad7f-eeee0a8b5753"...#
#2026 05 09 14:08:32.929#Z#DEBUG#8f3ccdc2-4bb0-11f1-ad7f-eeee0a8b5753.OPERATION#flowable-async-job-executor-thread-2435#
[CheckServiceOperationStateStep] Getting service instance "A26C405-2_html_repo_runtime"...#
#2026 05 09 14:08:32.957#Z#DEBUG#8f3ccdc2-4bb0-11f1-ad7f-eeee0a8b5753.OPERATION#flowable-async-job-executor-thread-2435#
Step "Check for service operations in Progress" finished#
#2026 05 09 14:08:32.994#Z#DEBUG#8f3ccdc2-4bb0-11f1-ad7f-eeee0a8b5753.OPERATION#flowable-async-job-executor-thread-2435#
[DetermineServiceCreateUpdateServiceActionsStep] Executing task "DetermineServiceCreateUpdateActionsTask" of process "9014deb4-4bb0-11f1-ad7f-eeee0a8b5753"...#
#2026 05 09 14:08:32.996#Z#INFO#8f3ccdc2-4bb0-11f1-ad7f-eeee0a8b5753.OPERATION#flowable-async-job-executor-thread-2435#
[DetermineServiceCreateUpdateServiceActionsStep] Processing service "A26C405-2_html_repo_runtime"...#
#2026 05 09 14:08:33.002#Z#DEBUG#8f3ccdc2-4bb0-11f1-ad7f-eeee0a8b5753.OPERATION#flowable-async-job-executor-thread-2435#
[DetermineServiceCreateUpdateServiceActionsStep] Getting service instance "A26C405-2_html_repo_runtime"...#
#2026 05 09 14:08:33.032#Z#DEBUG#8f3ccdc2-4bb0-11f1-ad7f-eeee0a8b5753.OPERATION#flowable-async-job-executor-thread-2435#
[DetermineServiceCreateUpdateServiceActionsStep] Service should be created#
#2026 05 09 14:08:33.036#Z#DEBUG#8f3ccdc2-4bb0-11f1-ad7f-eeee0a8b5753.OPERATION#flowable-async-job-executor-thread-2435#
Step "Determine update actions" finished#
#2026 05 09 14:08:33.094#Z#DEBUG#8f3ccdc2-4bb0-11f1-ad7f-eeee0a8b5753.OPERATION#flowable-async-job-executor-thread-2435#
[CreateServiceStep] Executing task "CreateServiceTask" of process "9014deb4-4bb0-11f1-ad7f-eeee0a8b5753"...#
#2026 05 09 14:08:33.098#Z#INFO#8f3ccdc2-4bb0-11f1-ad7f-eeee0a8b5753.OPERATION#flowable-async-job-executor-thread-2435#
[CreateServiceStep] Creating service "A26C405-2_html_repo_runtime" from MTA resource "A26C405-2_html_repo_runtime"...#
#2026 05 09 14:08:33.104#Z#DEBUG#8f3ccdc2-4bb0-11f1-ad7f-eeee0a8b5753.OPERATION#flowable-async-job-executor-thread-2435#
[CreateServiceStep] Creating service instance: {
  "isOptional" : false,
  "isManaged" : true,
  "name" : "A26C405-2_html_repo_runtime",
  "v3Metadata" : {
    "annotations" : {
      "mta_id" : "A26C405-2",
      "mta_version" : "0.0.1",
      "mta_resource" : "{\"name\":\"A26C405-2_html_repo_runtime\"}"
    },
    "labels" : {
      "mta_id" : "7081ee827cf73cfe2cd921aa8e4ae936"
    }
  },
  "label" : "html5-apps-repo",
  "plan" : "app-runtime",
  "credentials" : "********",
  "tags" : [ ],
  "type" : "managed",
  "resourceName" : "A26C405-2_html_repo_runtime",
  "shouldSkipParametersUpdate" : false,
  "shouldSkipPlanUpdate" : false,
  "shouldSkipTagsUpdate" : false,
  "shouldSkipSyslogUrlUpdate" : false
}#
#2026 05 09 14:08:33.344#Z#DEBUG#8f3ccdc2-4bb0-11f1-ad7f-eeee0a8b5753.OPERATION#flowable-async-job-executor-thread-2435#
[CreateServiceStep] Service "A26C405-2_html_repo_runtime" created#
#2026 05 09 14:08:33.344#Z#DEBUG#8f3ccdc2-4bb0-11f1-ad7f-eeee0a8b5753.OPERATION#flowable-async-job-executor-thread-2435#
[CreateServiceStep] Triggered service operations: {
  "A26C405-2_html_repo_runtime" : "CREATE"
}#
#2026 05 09 14:08:33.346#Z#DEBUG#8f3ccdc2-4bb0-11f1-ad7f-eeee0a8b5753.OPERATION#flowable-async-job-executor-thread-2435#
Step "Create" finished#
#2026 05 09 14:08:33.355#Z#DEBUG#8f3ccdc2-4bb0-11f1-ad7f-eeee0a8b5753.OPERATION#flowable-async-job-executor-thread-2503#
[CheckServiceOperationStateStep] Executing task "CheckServiceOperationStateTask" of process "90562dee-4bb0-11f1-a190-eeee0a90c870"...#
#2026 05 09 14:08:33.437#Z#DEBUG#8f3ccdc2-4bb0-11f1-ad7f-eeee0a8b5753.OPERATION#flowable-async-job-executor-thread-2503#
[CheckServiceOperationStateStep] Getting service instance "A26C405-2_html_repo_host"...#
#2026 05 09 14:08:33.481#Z#DEBUG#8f3ccdc2-4bb0-11f1-ad7f-eeee0a8b5753.OPERATION#flowable-async-job-executor-thread-2503#
Step "Check for service operations in Progress" finished#
#2026 05 09 14:08:33.438#Z#DEBUG#8f3ccdc2-4bb0-11f1-ad7f-eeee0a8b5753.OPERATION#flowable-async-job-executor-thread-6635#
[CheckServiceOperationStateStep] Executing task "CheckServiceOperationStateTask" of process "9064ac53-4bb0-11f1-93b5-eeee0a8c2712"...#
#2026 05 09 14:08:33.506#Z#DEBUG#8f3ccdc2-4bb0-11f1-ad7f-eeee0a8b5753.OPERATION#flowable-async-job-executor-thread-6635#
[CheckServiceOperationStateStep] Getting service instance "A26C405-2-destination-service"...#
#2026 05 09 14:08:33.539#Z#DEBUG#8f3ccdc2-4bb0-11f1-ad7f-eeee0a8b5753.OPERATION#flowable-async-job-executor-thread-6635#
Step "Check for service operations in Progress" finished#
#2026 05 09 14:08:33.515#Z#DEBUG#8f3ccdc2-4bb0-11f1-ad7f-eeee0a8b5753.OPERATION#flowable-async-job-executor-thread-2504#
[DetermineServiceCreateUpdateServiceActionsStep] Executing task "DetermineServiceCreateUpdateActionsTask" of process "90562dee-4bb0-11f1-a190-eeee0a90c870"...#
#2026 05 09 14:08:33.517#Z#INFO#8f3ccdc2-4bb0-11f1-ad7f-eeee0a8b5753.OPERATION#flowable-async-job-executor-thread-2504#
[DetermineServiceCreateUpdateServiceActionsStep] Processing service "A26C405-2_html_repo_host"...#
#2026 05 09 14:08:33.522#Z#DEBUG#8f3ccdc2-4bb0-11f1-ad7f-eeee0a8b5753.OPERATION#flowable-async-job-executor-thread-2504#
[DetermineServiceCreateUpdateServiceActionsStep] Getting service instance "A26C405-2_html_repo_host"...#
#2026 05 09 14:08:33.550#Z#DEBUG#8f3ccdc2-4bb0-11f1-ad7f-eeee0a8b5753.OPERATION#flowable-async-job-executor-thread-2504#
[DetermineServiceCreateUpdateServiceActionsStep] Service should be created#
#2026 05 09 14:08:33.553#Z#DEBUG#8f3ccdc2-4bb0-11f1-ad7f-eeee0a8b5753.OPERATION#flowable-async-job-executor-thread-2504#
Step "Determine update actions" finished#
#2026 05 09 14:08:33.562#Z#DEBUG#8f3ccdc2-4bb0-11f1-ad7f-eeee0a8b5753.OPERATION#flowable-async-job-executor-thread-6636#
[DetermineServiceCreateUpdateServiceActionsStep] Executing task "DetermineServiceCreateUpdateActionsTask" of process "9064ac53-4bb0-11f1-93b5-eeee0a8c2712"...#
#2026 05 09 14:08:33.563#Z#INFO#8f3ccdc2-4bb0-11f1-ad7f-eeee0a8b5753.OPERATION#flowable-async-job-executor-thread-6636#
[DetermineServiceCreateUpdateServiceActionsStep] Processing service "A26C405-2-destination-service"...#
#2026 05 09 14:08:33.567#Z#DEBUG#8f3ccdc2-4bb0-11f1-ad7f-eeee0a8b5753.OPERATION#flowable-async-job-executor-thread-6636#
[DetermineServiceCreateUpdateServiceActionsStep] Getting service instance "A26C405-2-destination-service"...#
#2026 05 09 14:08:33.590#Z#DEBUG#8f3ccdc2-4bb0-11f1-ad7f-eeee0a8b5753.OPERATION#flowable-async-job-executor-thread-6636#
[DetermineServiceCreateUpdateServiceActionsStep] Service should be created#
#2026 05 09 14:08:33.591#Z#DEBUG#8f3ccdc2-4bb0-11f1-ad7f-eeee0a8b5753.OPERATION#flowable-async-job-executor-thread-6636#
Step "Determine update actions" finished#
#2026 05 09 14:08:33.626#Z#DEBUG#8f3ccdc2-4bb0-11f1-ad7f-eeee0a8b5753.OPERATION#flowable-async-job-executor-thread-6637#
[CreateServiceStep] Executing task "CreateServiceTask" of process "9064ac53-4bb0-11f1-93b5-eeee0a8c2712"...#
#2026 05 09 14:08:33.627#Z#INFO#8f3ccdc2-4bb0-11f1-ad7f-eeee0a8b5753.OPERATION#flowable-async-job-executor-thread-6637#
[CreateServiceStep] Creating service "A26C405-2-destination-service" from MTA resource "A26C405-2-destination-service"...#
#2026 05 09 14:08:33.631#Z#DEBUG#8f3ccdc2-4bb0-11f1-ad7f-eeee0a8b5753.OPERATION#flowable-async-job-executor-thread-6637#
[CreateServiceStep] Creating service instance: {
  "isOptional" : false,
  "isManaged" : true,
  "name" : "A26C405-2-destination-service",
  "v3Metadata" : {
    "annotations" : {
      "mta_id" : "A26C405-2",
      "mta_version" : "0.0.1",
      "mta_resource" : "{\"name\":\"A26C405-2-destination-service\"}"
    },
    "labels" : {
      "mta_id" : "7081ee827cf73cfe2cd921aa8e4ae936"
    }
  },
  "label" : "destination",
  "plan" : "lite",
  "credentials" : "********",
  "tags" : [ ],
  "type" : "managed",
  "resourceName" : "A26C405-2-destination-service",
  "shouldSkipParametersUpdate" : false,
  "shouldSkipPlanUpdate" : false,
  "shouldSkipTagsUpdate" : false,
  "shouldSkipSyslogUrlUpdate" : false
}#
#2026 05 09 14:08:33.830#Z#DEBUG#8f3ccdc2-4bb0-11f1-ad7f-eeee0a8b5753.OPERATION#flowable-async-job-executor-thread-6637#
[CreateServiceStep] Service "A26C405-2-destination-service" created#
#2026 05 09 14:08:33.830#Z#DEBUG#8f3ccdc2-4bb0-11f1-ad7f-eeee0a8b5753.OPERATION#flowable-async-job-executor-thread-6637#
[CreateServiceStep] Triggered service operations: {
  "A26C405-2-destination-service" : "CREATE"
}#
#2026 05 09 14:08:33.831#Z#DEBUG#8f3ccdc2-4bb0-11f1-ad7f-eeee0a8b5753.OPERATION#flowable-async-job-executor-thread-6637#
Step "Create" finished#
#2026 05 09 14:08:33.610#Z#DEBUG#8f3ccdc2-4bb0-11f1-ad7f-eeee0a8b5753.OPERATION#flowable-async-job-executor-thread-2505#
[CreateServiceStep] Executing task "CreateServiceTask" of process "90562dee-4bb0-11f1-a190-eeee0a90c870"...#
#2026 05 09 14:08:33.613#Z#INFO#8f3ccdc2-4bb0-11f1-ad7f-eeee0a8b5753.OPERATION#flowable-async-job-executor-thread-2505#
[CreateServiceStep] Creating service "A26C405-2_html_repo_host" from MTA resource "A26C405-2_html_repo_host"...#
#2026 05 09 14:08:33.618#Z#DEBUG#8f3ccdc2-4bb0-11f1-ad7f-eeee0a8b5753.OPERATION#flowable-async-job-executor-thread-2505#
[CreateServiceStep] Creating service instance: {
  "isOptional" : false,
  "isManaged" : true,
  "name" : "A26C405-2_html_repo_host",
  "v3Metadata" : {
    "annotations" : {
      "mta_id" : "A26C405-2",
      "mta_version" : "0.0.1",
      "mta_resource" : "{\"name\":\"A26C405-2_html_repo_host\"}"
    },
    "labels" : {
      "mta_id" : "7081ee827cf73cfe2cd921aa8e4ae936"
    }
  },
  "label" : "html5-apps-repo",
  "plan" : "app-host",
  "credentials" : "********",
  "tags" : [ ],
  "type" : "managed",
  "resourceName" : "A26C405-2_html_repo_host",
  "shouldSkipParametersUpdate" : false,
  "shouldSkipPlanUpdate" : false,
  "shouldSkipTagsUpdate" : false,
  "shouldSkipSyslogUrlUpdate" : false
}#
#2026 05 09 14:08:33.858#Z#DEBUG#8f3ccdc2-4bb0-11f1-ad7f-eeee0a8b5753.OPERATION#flowable-async-job-executor-thread-2505#
[CreateServiceStep] Service "A26C405-2_html_repo_host" created#
#2026 05 09 14:08:33.860#Z#DEBUG#8f3ccdc2-4bb0-11f1-ad7f-eeee0a8b5753.OPERATION#flowable-async-job-executor-thread-2505#
[CreateServiceStep] Triggered service operations: {
  "A26C405-2_html_repo_host" : "CREATE"
}#
#2026 05 09 14:08:33.861#Z#DEBUG#8f3ccdc2-4bb0-11f1-ad7f-eeee0a8b5753.OPERATION#flowable-async-job-executor-thread-2505#
Step "Create" finished#
#2026 05 09 14:08:33.934#Z#DEBUG#8f3ccdc2-4bb0-11f1-ad7f-eeee0a8b5753.OPERATION#flowable-async-job-executor-thread-2433#
[CheckServiceOperationStateStep] Executing task "CheckServiceOperationStateTask" of process "90adeab1-4bb0-11f1-ad7f-eeee0a8b5753"...#
#2026 05 09 14:08:33.935#Z#DEBUG#8f3ccdc2-4bb0-11f1-ad7f-eeee0a8b5753.OPERATION#flowable-async-job-executor-thread-2433#
[CheckServiceOperationStateStep] Getting service instance "A26C405-2-xsuaa-service"...#
#2026 05 09 14:08:33.965#Z#DEBUG#8f3ccdc2-4bb0-11f1-ad7f-eeee0a8b5753.OPERATION#flowable-async-job-executor-thread-2433#
Step "Check for service operations in Progress" finished#
#2026 05 09 14:08:34.001#Z#DEBUG#8f3ccdc2-4bb0-11f1-ad7f-eeee0a8b5753.OPERATION#flowable-async-job-executor-thread-2433#
[DetermineServiceCreateUpdateServiceActionsStep] Executing task "DetermineServiceCreateUpdateActionsTask" of process "90adeab1-4bb0-11f1-ad7f-eeee0a8b5753"...#
#2026 05 09 14:08:34.004#Z#INFO#8f3ccdc2-4bb0-11f1-ad7f-eeee0a8b5753.OPERATION#flowable-async-job-executor-thread-2433#
[DetermineServiceCreateUpdateServiceActionsStep] Processing service "A26C405-2-xsuaa-service"...#
#2026 05 09 14:08:34.010#Z#DEBUG#8f3ccdc2-4bb0-11f1-ad7f-eeee0a8b5753.OPERATION#flowable-async-job-executor-thread-2433#
[DetermineServiceCreateUpdateServiceActionsStep] Getting service instance "A26C405-2-xsuaa-service"...#
#2026 05 09 14:08:34.035#Z#INFO#8f3ccdc2-4bb0-11f1-ad7f-eeee0a8b5753.OPERATION#flowable-async-job-executor-thread-2433#
[DetermineServiceCreateUpdateServiceActionsStep] Setting service "A26C405-2-xsuaa-service" parameters from "xs-security.json"#
#2026 05 09 14:08:34.072#Z#DEBUG#8f3ccdc2-4bb0-11f1-ad7f-eeee0a8b5753.OPERATION#flowable-async-job-executor-thread-2433#
[DetermineServiceCreateUpdateServiceActionsStep] Service should be created#
#2026 05 09 14:08:34.076#Z#DEBUG#8f3ccdc2-4bb0-11f1-ad7f-eeee0a8b5753.OPERATION#flowable-async-job-executor-thread-2433#
Step "Determine update actions" finished#
#2026 05 09 14:08:34.137#Z#DEBUG#8f3ccdc2-4bb0-11f1-ad7f-eeee0a8b5753.OPERATION#flowable-async-job-executor-thread-2433#
[CreateServiceStep] Executing task "CreateServiceTask" of process "90adeab1-4bb0-11f1-ad7f-eeee0a8b5753"...#
#2026 05 09 14:08:34.140#Z#INFO#8f3ccdc2-4bb0-11f1-ad7f-eeee0a8b5753.OPERATION#flowable-async-job-executor-thread-2433#
[CreateServiceStep] Creating service "A26C405-2-xsuaa-service" from MTA resource "uaa_A26C405-2"...#
#2026 05 09 14:08:34.146#Z#DEBUG#8f3ccdc2-4bb0-11f1-ad7f-eeee0a8b5753.OPERATION#flowable-async-job-executor-thread-2433#
[CreateServiceStep] Creating service instance: {
  "isOptional" : false,
  "isManaged" : true,
  "name" : "A26C405-2-xsuaa-service",
  "v3Metadata" : {
    "annotations" : {
      "mta_id" : "A26C405-2",
      "mta_version" : "0.0.1",
      "mta_resource" : "{\"name\":\"uaa_A26C405-2\"}"
    },
    "labels" : {
      "mta_id" : "7081ee827cf73cfe2cd921aa8e4ae936"
    }
  },
  "label" : "xsuaa",
  "plan" : "application",
  "credentials" : "********",
  "tags" : [ ],
  "type" : "managed",
  "resourceName" : "uaa_A26C405-2",
  "shouldSkipParametersUpdate" : false,
  "shouldSkipPlanUpdate" : false,
  "shouldSkipTagsUpdate" : false,
  "shouldSkipSyslogUrlUpdate" : false
}#
#2026 05 09 14:08:34.396#Z#DEBUG#8f3ccdc2-4bb0-11f1-ad7f-eeee0a8b5753.OPERATION#flowable-async-job-executor-thread-2433#
[CreateServiceStep] Service "A26C405-2-xsuaa-service" created#
#2026 05 09 14:08:34.396#Z#DEBUG#8f3ccdc2-4bb0-11f1-ad7f-eeee0a8b5753.OPERATION#flowable-async-job-executor-thread-2433#
[CreateServiceStep] Triggered service operations: {
  "A26C405-2-xsuaa-service" : "CREATE"
}#
#2026 05 09 14:08:34.397#Z#DEBUG#8f3ccdc2-4bb0-11f1-ad7f-eeee0a8b5753.OPERATION#flowable-async-job-executor-thread-2433#
Step "Create" finished#
#2026 05 09 14:08:48.216#Z#DEBUG#8f3ccdc2-4bb0-11f1-ad7f-eeee0a8b5753.OPERATION#flowable-async-job-executor-thread-6646#
[CreateServiceStep] Executing task "CreateServiceTask" of process "90562dee-4bb0-11f1-a190-eeee0a90c870"...#
#2026 05 09 14:08:48.216#Z#DEBUG#8f3ccdc2-4bb0-11f1-ad7f-eeee0a8b5753.OPERATION#flowable-async-job-executor-thread-6646#
[CreateServiceStep] Polling service operations...#
#2026 05 09 14:08:48.218#Z#DEBUG#8f3ccdc2-4bb0-11f1-ad7f-eeee0a8b5753.OPERATION#flowable-async-job-executor-thread-6646#
[CreateServiceStep] Getting service instance "A26C405-2_html_repo_host"...#
#2026 05 09 14:08:48.219#Z#DEBUG#8f3ccdc2-4bb0-11f1-ad7f-eeee0a8b5753.OPERATION#flowable-async-job-executor-thread-6648#
[CreateServiceStep] Executing task "CreateServiceTask" of process "90adeab1-4bb0-11f1-ad7f-eeee0a8b5753"...#
#2026 05 09 14:08:48.220#Z#DEBUG#8f3ccdc2-4bb0-11f1-ad7f-eeee0a8b5753.OPERATION#flowable-async-job-executor-thread-6648#
[CreateServiceStep] Polling service operations...#
#2026 05 09 14:08:48.222#Z#DEBUG#8f3ccdc2-4bb0-11f1-ad7f-eeee0a8b5753.OPERATION#flowable-async-job-executor-thread-6648#
[CreateServiceStep] Getting service instance "A26C405-2-xsuaa-service"...#
#2026 05 09 14:08:48.289#Z#DEBUG#8f3ccdc2-4bb0-11f1-ad7f-eeee0a8b5753.OPERATION#flowable-async-job-executor-thread-6644#
[CreateServiceStep] Executing task "CreateServiceTask" of process "9064ac53-4bb0-11f1-93b5-eeee0a8c2712"...#
#2026 05 09 14:08:48.290#Z#DEBUG#8f3ccdc2-4bb0-11f1-ad7f-eeee0a8b5753.OPERATION#flowable-async-job-executor-thread-6644#
[CreateServiceStep] Polling service operations...#
#2026 05 09 14:08:48.291#Z#DEBUG#8f3ccdc2-4bb0-11f1-ad7f-eeee0a8b5753.OPERATION#flowable-async-job-executor-thread-6644#
[CreateServiceStep] Getting service instance "A26C405-2-destination-service"...#
#2026 05 09 14:08:48.357#Z#DEBUG#8f3ccdc2-4bb0-11f1-ad7f-eeee0a8b5753.OPERATION#flowable-async-job-executor-thread-6646#
[CreateServiceStep] Last operation for service "A26C405-2_html_repo_host": {
  "type" : "CREATE",
  "description" : "",
  "state" : "SUCCEEDED"
}#
#2026 05 09 14:08:48.357#Z#DEBUG#8f3ccdc2-4bb0-11f1-ad7f-eeee0a8b5753.OPERATION#flowable-async-job-executor-thread-6646#
[CreateServiceStep] Service "A26C405-2_html_repo_host" created#
#2026 05 09 14:08:48.357#Z#INFO#8f3ccdc2-4bb0-11f1-ad7f-eeee0a8b5753.OPERATION#flowable-async-job-executor-thread-6646#
[CreateServiceStep] 1 of 1 done#
#2026 05 09 14:08:48.361#Z#DEBUG#8f3ccdc2-4bb0-11f1-ad7f-eeee0a8b5753.OPERATION#flowable-async-job-executor-thread-6646#
[CreateServiceStep] Remaining services to poll: [ ]#
#2026 05 09 14:08:48.362#Z#DEBUG#8f3ccdc2-4bb0-11f1-ad7f-eeee0a8b5753.OPERATION#flowable-async-job-executor-thread-6646#
Step "Create" finished#
#2026 05 09 14:08:48.367#Z#DEBUG#8f3ccdc2-4bb0-11f1-ad7f-eeee0a8b5753.OPERATION#flowable-async-job-executor-thread-6648#
[CreateServiceStep] Last operation for service "A26C405-2-xsuaa-service": {
  "type" : "CREATE",
  "description" : "",
  "state" : "SUCCEEDED"
}#
#2026 05 09 14:08:48.367#Z#DEBUG#8f3ccdc2-4bb0-11f1-ad7f-eeee0a8b5753.OPERATION#flowable-async-job-executor-thread-6648#
[CreateServiceStep] Service "A26C405-2-xsuaa-service" created#
#2026 05 09 14:08:48.367#Z#INFO#8f3ccdc2-4bb0-11f1-ad7f-eeee0a8b5753.OPERATION#flowable-async-job-executor-thread-6648#
[CreateServiceStep] 1 of 1 done#
#2026 05 09 14:08:48.371#Z#DEBUG#8f3ccdc2-4bb0-11f1-ad7f-eeee0a8b5753.OPERATION#flowable-async-job-executor-thread-6648#
[CreateServiceStep] Remaining services to poll: [ ]#
#2026 05 09 14:08:48.371#Z#DEBUG#8f3ccdc2-4bb0-11f1-ad7f-eeee0a8b5753.OPERATION#flowable-async-job-executor-thread-6648#
Step "Create" finished#
#2026 05 09 14:08:48.419#Z#DEBUG#8f3ccdc2-4bb0-11f1-ad7f-eeee0a8b5753.OPERATION#flowable-async-job-executor-thread-6647#
[CreateServiceStep] Executing task "CreateServiceTask" of process "9014deb4-4bb0-11f1-ad7f-eeee0a8b5753"...#
#2026 05 09 14:08:48.420#Z#DEBUG#8f3ccdc2-4bb0-11f1-ad7f-eeee0a8b5753.OPERATION#flowable-async-job-executor-thread-6647#
[CreateServiceStep] Polling service operations...#
#2026 05 09 14:08:48.421#Z#DEBUG#8f3ccdc2-4bb0-11f1-ad7f-eeee0a8b5753.OPERATION#flowable-async-job-executor-thread-6647#
[CreateServiceStep] Getting service instance "A26C405-2_html_repo_runtime"...#
#2026 05 09 14:08:48.422#Z#DEBUG#8f3ccdc2-4bb0-11f1-ad7f-eeee0a8b5753.OPERATION#flowable-async-job-executor-thread-6644#
[CreateServiceStep] Last operation for service "A26C405-2-destination-service": {
  "type" : "CREATE",
  "description" : "",
  "state" : "SUCCEEDED"
}#
#2026 05 09 14:08:48.422#Z#DEBUG#8f3ccdc2-4bb0-11f1-ad7f-eeee0a8b5753.OPERATION#flowable-async-job-executor-thread-6644#
[CreateServiceStep] Service "A26C405-2-destination-service" created#
#2026 05 09 14:08:48.422#Z#INFO#8f3ccdc2-4bb0-11f1-ad7f-eeee0a8b5753.OPERATION#flowable-async-job-executor-thread-6644#
[CreateServiceStep] 1 of 1 done#
#2026 05 09 14:08:48.426#Z#DEBUG#8f3ccdc2-4bb0-11f1-ad7f-eeee0a8b5753.OPERATION#flowable-async-job-executor-thread-6644#
[CreateServiceStep] Remaining services to poll: [ ]#
#2026 05 09 14:08:48.427#Z#DEBUG#8f3ccdc2-4bb0-11f1-ad7f-eeee0a8b5753.OPERATION#flowable-async-job-executor-thread-6644#
Step "Create" finished#
#2026 05 09 14:08:48.570#Z#DEBUG#8f3ccdc2-4bb0-11f1-ad7f-eeee0a8b5753.OPERATION#flowable-async-job-executor-thread-6647#
[CreateServiceStep] Last operation for service "A26C405-2_html_repo_runtime": {
  "type" : "CREATE",
  "description" : "",
  "state" : "SUCCEEDED"
}#
#2026 05 09 14:08:48.570#Z#DEBUG#8f3ccdc2-4bb0-11f1-ad7f-eeee0a8b5753.OPERATION#flowable-async-job-executor-thread-6647#
[CreateServiceStep] Service "A26C405-2_html_repo_runtime" created#
#2026 05 09 14:08:48.570#Z#INFO#8f3ccdc2-4bb0-11f1-ad7f-eeee0a8b5753.OPERATION#flowable-async-job-executor-thread-6647#
[CreateServiceStep] 1 of 1 done#
#2026 05 09 14:08:48.574#Z#DEBUG#8f3ccdc2-4bb0-11f1-ad7f-eeee0a8b5753.OPERATION#flowable-async-job-executor-thread-6647#
[CreateServiceStep] Remaining services to poll: [ ]#
#2026 05 09 14:08:48.575#Z#DEBUG#8f3ccdc2-4bb0-11f1-ad7f-eeee0a8b5753.OPERATION#flowable-async-job-executor-thread-6647#
Step "Create" finished#
#2026 05 09 14:08:49.191#Z#DEBUG#8f3ccdc2-4bb0-11f1-ad7f-eeee0a8b5753.OPERATION#flowable-async-job-executor-thread-2442#
[PrepareModulesDeploymentStep] Executing task "prepareModulesDeploymentTask" of process "99bf62d7-4bb0-11f1-ad7f-eeee0a8b5753"...#
#2026 05 09 14:08:49.192#Z#DEBUG#8f3ccdc2-4bb0-11f1-ad7f-eeee0a8b5753.OPERATION#flowable-async-job-executor-thread-2442#
[PrepareModulesDeploymentStep] Preparing modules deployment...#
#2026 05 09 14:08:49.198#Z#DEBUG#8f3ccdc2-4bb0-11f1-ad7f-eeee0a8b5753.OPERATION#flowable-async-job-executor-thread-2442#
Step "Prepare Modules Deployment" finished#
#2026 05 09 14:08:49.243#Z#DEBUG#8f3ccdc2-4bb0-11f1-ad7f-eeee0a8b5753.OPERATION#flowable-async-job-executor-thread-2443#
[ComputeNextModulesStep] Executing task "computeNextModulesToDeployInParallel" of process "99bf62d7-4bb0-11f1-ad7f-eeee0a8b5753"...#
#2026 05 09 14:08:49.245#Z#DEBUG#8f3ccdc2-4bb0-11f1-ad7f-eeee0a8b5753.OPERATION#flowable-async-job-executor-thread-2443#
[ComputeNextModulesStep] Computing modules for next parallel iteration...#
#2026 05 09 14:08:49.247#Z#DEBUG#8f3ccdc2-4bb0-11f1-ad7f-eeee0a8b5753.OPERATION#flowable-async-job-executor-thread-2443#
[ComputeNextModulesStep] Completed modules detected: []#
#2026 05 09 14:08:49.247#Z#DEBUG#8f3ccdc2-4bb0-11f1-ad7f-eeee0a8b5753.OPERATION#flowable-async-job-executor-thread-2443#
[ComputeNextModulesStep] All modules for deploy detected: [A26C405-2_ui_deployer, a26c405-2-approuter]#
#2026 05 09 14:08:49.247#Z#DEBUG#8f3ccdc2-4bb0-11f1-ad7f-eeee0a8b5753.OPERATION#flowable-async-job-executor-thread-2443#
[ComputeNextModulesStep] Modules not for deploy detected: []#
#2026 05 09 14:08:49.248#Z#DEBUG#8f3ccdc2-4bb0-11f1-ad7f-eeee0a8b5753.OPERATION#flowable-async-job-executor-thread-2443#
[ComputeNextModulesStep] Computed modules for next parallel iteration: [ {
  "majorSchemaVersion" : 3,
  "name" : "a26c405-2-approuter",
  "type" : "javascript.nodejs",
  "path" : "a26c405-2-approuter",
  "properties" : { },
  "parameters" : {
    "app-name" : "a26c405-2-approuter",
    "default-app-name" : "a26c405-2-approuter",
    "default-host" : "a6637d2btrial-dev-a26c405-2-approuter",
    "default-instances" : 1,
    "default-live-app-name" : "a26c405-2-approuter",
    "default-live-domain" : "cfapps.us10-001.hana.ondemand.com",
    "default-live-host" : "a6637d2btrial-dev-a26c405-2-approuter",
    "default-live-uri" : "a6637d2btrial-dev-a26c405-2-approuter.cfapps.us10-001.hana.ondemand.com",
    "default-live-url" : "https://a6637d2btrial-dev-a26c405-2-approuter.cfapps.us10-001.hana.ondemand.com",
    "default-uri" : "a6637d2btrial-dev-a26c405-2-approuter.cfapps.us10-001.hana.ondemand.com",
    "default-url" : "https://a6637d2btrial-dev-a26c405-2-approuter.cfapps.us10-001.hana.ondemand.com",
    "dependency-type" : "soft",
    "disk-quota" : "256M",
    "domain" : "cfapps.us10-001.hana.ondemand.com",
    "generated-password" : "********",
    "generated-user" : "********",
    "host" : "a6637d2btrial-dev-a26c405-2-approuter",
    "instances" : 1,
    "memory" : "256M",
    "protocol" : "https"
  },
  "requiredDependencies" : [ {
    "majorSchemaVersion" : 3,
    "name" : "A26C405-2_html_repo_runtime",
    "properties" : { },
    "parameters" : { },
    "propertiesMetadata" : {
      "metadata" : { }
    },
    "parametersMetadata" : {
      "metadata" : { }
    }
  }, {
    "majorSchemaVersion" : 3,
    "name" : "uaa_A26C405-2",
    "properties" : { },
    "parameters" : { },
    "propertiesMetadata" : {
      "metadata" : { }
    },
    "parametersMetadata" : {
      "metadata" : { }
    }
  }, {
    "majorSchemaVersion" : 3,
    "name" : "A26C405-2-destination-service",
    "group" : "destinations",
    "properties" : {
      "forwardAuthToken" : "********",
      "name" : "ui5",
      "url" : "https://ui5.sap.com"
    },
    "parameters" : { },
    "propertiesMetadata" : {
      "metadata" : { }
    },
    "parametersMetadata" : {
      "metadata" : { }
    }
  } ],
  "providedDependencies" : [ {
    "majorSchemaVersion" : 3,
    "name" : "a26c405-2-approuter",
    "isPublic" : false,
    "properties" : { },
    "parameters" : { },
    "propertiesMetadata" : {
      "metadata" : { }
    },
    "parametersMetadata" : {
      "metadata" : { }
    }
  } ],
  "propertiesMetadata" : {
    "metadata" : { }
  },
  "parametersMetadata" : {
    "metadata" : { }
  },
  "deployedAfter" : [ ],
  "hooks" : [ ]
}, {
  "majorSchemaVersion" : 3,
  "name" : "A26C405-2_ui_deployer",
  "type" : "com.sap.application.content",
  "path" : "A26C405-2_ui_deployer",
  "properties" : { },
  "parameters" : {
    "app-name" : "A26C405-2_ui_deployer",
    "default-app-name" : "A26C405-2_ui_deployer",
    "default-host" : "a6637d2btrial-dev-a26c405-2-ui-deployer",
    "default-instances" : 1,
    "default-live-app-name" : "A26C405-2_ui_deployer",
    "default-live-domain" : "cfapps.us10-001.hana.ondemand.com",
    "default-live-host" : "a6637d2btrial-dev-a26c405-2-ui-deployer",
    "default-live-uri" : "a6637d2btrial-dev-a26c405-2-ui-deployer.cfapps.us10-001.hana.ondemand.com",
    "default-live-url" : "https://a6637d2btrial-dev-a26c405-2-ui-deployer.cfapps.us10-001.hana.ondemand.com",
    "default-uri" : "a6637d2btrial-dev-a26c405-2-ui-deployer.cfapps.us10-001.hana.ondemand.com",
    "default-url" : "https://a6637d2btrial-dev-a26c405-2-ui-deployer.cfapps.us10-001.hana.ondemand.com",
    "dependency-type" : "soft",
    "domain" : "cfapps.us10-001.hana.ondemand.com",
    "generated-password" : "********",
    "generated-user" : "********",
    "host" : "a6637d2btrial-dev-a26c405-2-ui-deployer",
    "instances" : 1,
    "protocol" : "https"
  },
  "requiredDependencies" : [ {
    "majorSchemaVersion" : 3,
    "name" : "A26C405-2_html_repo_host",
    "properties" : { },
    "parameters" : {
      "content-target" : true
    },
    "propertiesMetadata" : {
      "metadata" : { }
    },
    "parametersMetadata" : {
      "metadata" : { }
    }
  } ],
  "providedDependencies" : [ {
    "majorSchemaVersion" : 3,
    "name" : "A26C405-2_ui_deployer",
    "isPublic" : false,
    "properties" : { },
    "parameters" : { },
    "propertiesMetadata" : {
      "metadata" : { }
    },
    "parametersMetadata" : {
      "metadata" : { }
    }
  } ],
  "propertiesMetadata" : {
    "metadata" : { }
  },
  "parametersMetadata" : {
    "metadata" : { }
  },
  "deployedAfter" : [ ],
  "hooks" : [ ]
} ]#
#2026 05 09 14:08:49.248#Z#DEBUG#8f3ccdc2-4bb0-11f1-ad7f-eeee0a8b5753.OPERATION#flowable-async-job-executor-thread-2443#
Step "Compute Next Modules To Deploy" finished#
#2026 05 09 14:08:49.418#Z#DEBUG#8f3ccdc2-4bb0-11f1-ad7f-eeee0a8b5753.OPERATION#flowable-async-job-executor-thread-2446#
[ProcessDescriptorStep] Executing task "reprocessDescriptorTask" of process "99e38d6b-4bb0-11f1-ad7f-eeee0a8b5753"...#
#2026 05 09 14:08:49.419#Z#DEBUG#8f3ccdc2-4bb0-11f1-ad7f-eeee0a8b5753.OPERATION#flowable-async-job-executor-thread-2446#
[ProcessDescriptorStep] Resolving properties and parameters in merged descriptor...#
#2026 05 09 14:08:49.423#Z#DEBUG#8f3ccdc2-4bb0-11f1-ad7f-eeee0a8b5753.OPERATION#flowable-async-job-executor-thread-2446#
[ProcessDescriptorStep] Subscriptions: [ ]#
#2026 05 09 14:08:49.431#Z#DEBUG#8f3ccdc2-4bb0-11f1-ad7f-eeee0a8b5753.OPERATION#flowable-async-job-executor-thread-2446#
[ProcessDescriptorStep] MTA modules: [A26C405-2_ui_deployer, a26c405-2-approuter]#
#2026 05 09 14:08:49.436#Z#DEBUG#8f3ccdc2-4bb0-11f1-ad7f-eeee0a8b5753.OPERATION#flowable-async-job-executor-thread-2446#
[ProcessDescriptorStep] Resolved deployment descriptor: {
  "majorSchemaVersion" : 3,
  "schemaVersion" : "3.2.0",
  "id" : "A26C405-2",
  "version" : "0.0.1",
  "modules" : [ {
    "majorSchemaVersion" : 3,
    "name" : "a26c405-2-approuter",
    "type" : "javascript.nodejs",
    "path" : "a26c405-2-approuter",
    "properties" : { },
    "parameters" : {
      "default-url" : "https://a6637d2btrial-dev-a26c405-2-approuter.cfapps.us10-001.hana.ondemand.com",
      "default-app-name" : "a26c405-2-approuter",
      "generated-password" : "********",
      "default-live-url" : "https://a6637d2btrial-dev-a26c405-2-approuter.cfapps.us10-001.hana.ondemand.com",
      "default-uri" : "a6637d2btrial-dev-a26c405-2-approuter.cfapps.us10-001.hana.ondemand.com",
      "memory" : "256M",
      "default-instances" : 1,
      "default-live-host" : "a6637d2btrial-dev-a26c405-2-approuter",
      "instances" : 1,
      "default-host" : "a6637d2btrial-dev-a26c405-2-approuter",
      "app-name" : "a26c405-2-approuter",
      "default-live-uri" : "a6637d2btrial-dev-a26c405-2-approuter.cfapps.us10-001.hana.ondemand.com",
      "protocol" : "https",
      "default-live-app-name" : "a26c405-2-approuter",
      "default-live-domain" : "cfapps.us10-001.hana.ondemand.com",
      "disk-quota" : "256M",
      "domain" : "cfapps.us10-001.hana.ondemand.com",
      "host" : "a6637d2btrial-dev-a26c405-2-approuter",
      "generated-user" : "********"
    },
    "requiredDependencies" : [ {
      "majorSchemaVersion" : 3,
      "name" : "A26C405-2_html_repo_runtime",
      "properties" : { },
      "parameters" : { },
      "propertiesMetadata" : {
        "metadata" : { }
      },
      "parametersMetadata" : {
        "metadata" : { }
      }
    }, {
      "majorSchemaVersion" : 3,
      "name" : "uaa_A26C405-2",
      "properties" : { },
      "parameters" : { },
      "propertiesMetadata" : {
        "metadata" : { }
      },
      "parametersMetadata" : {
        "metadata" : { }
      }
    }, {
      "majorSchemaVersion" : 3,
      "name" : "A26C405-2-destination-service",
      "group" : "destinations",
      "properties" : {
        "name" : "ui5",
        "forwardAuthToken" : "********",
        "url" : "https://ui5.sap.com"
      },
      "parameters" : { },
      "propertiesMetadata" : {
        "metadata" : { }
      },
      "parametersMetadata" : {
        "metadata" : { }
      }
    } ],
    "providedDependencies" : [ {
      "majorSchemaVersion" : 3,
      "name" : "a26c405-2-approuter",
      "isPublic" : false,
      "properties" : { },
      "parameters" : { },
      "propertiesMetadata" : {
        "metadata" : { }
      },
      "parametersMetadata" : {
        "metadata" : { }
      }
    } ],
    "propertiesMetadata" : {
      "metadata" : { }
    },
    "parametersMetadata" : {
      "metadata" : { }
    },
    "hooks" : [ ]
  }, {
    "majorSchemaVersion" : 3,
    "name" : "A26C405-2_ui_deployer",
    "type" : "com.sap.application.content",
    "path" : "A26C405-2_ui_deployer",
    "properties" : { },
    "parameters" : {
      "default-url" : "https://a6637d2btrial-dev-a26c405-2-ui-deployer.cfapps.us10-001.hana.ondemand.com",
      "default-app-name" : "A26C405-2_ui_deployer",
      "generated-password" : "********",
      "default-live-url" : "https://a6637d2btrial-dev-a26c405-2-ui-deployer.cfapps.us10-001.hana.ondemand.com",
      "default-uri" : "a6637d2btrial-dev-a26c405-2-ui-deployer.cfapps.us10-001.hana.ondemand.com",
      "default-instances" : 1,
      "default-live-host" : "a6637d2btrial-dev-a26c405-2-ui-deployer",
      "instances" : 1,
      "default-host" : "a6637d2btrial-dev-a26c405-2-ui-deployer",
      "app-name" : "A26C405-2_ui_deployer",
      "default-live-uri" : "a6637d2btrial-dev-a26c405-2-ui-deployer.cfapps.us10-001.hana.ondemand.com",
      "protocol" : "https",
      "default-live-app-name" : "A26C405-2_ui_deployer",
      "default-live-domain" : "cfapps.us10-001.hana.ondemand.com",
      "domain" : "cfapps.us10-001.hana.ondemand.com",
      "host" : "a6637d2btrial-dev-a26c405-2-ui-deployer",
      "generated-user" : "********"
    },
    "requiredDependencies" : [ {
      "majorSchemaVersion" : 3,
      "name" : "A26C405-2_html_repo_host",
      "properties" : { },
      "parameters" : {
        "content-target" : true
      },
      "propertiesMetadata" : {
        "metadata" : { }
      },
      "parametersMetadata" : {
        "metadata" : { }
      }
    } ],
    "providedDependencies" : [ {
      "majorSchemaVersion" : 3,
      "name" : "A26C405-2_ui_deployer",
      "isPublic" : false,
      "properties" : { },
      "parameters" : { },
      "propertiesMetadata" : {
        "metadata" : { }
      },
      "parametersMetadata" : {
        "metadata" : { }
      }
    } ],
    "propertiesMetadata" : {
      "metadata" : { }
    },
    "parametersMetadata" : {
      "metadata" : { }
    },
    "hooks" : [ ]
  } ],
  "resources" : [ {
    "majorSchemaVersion" : 3,
    "name" : "A26C405-2_html_repo_runtime",
    "type" : "org.cloudfoundry.managed-service",
    "properties" : { },
    "parameters" : {
      "generated-password" : "********",
      "service-name" : "A26C405-2_html_repo_runtime",
      "service-plan" : "app-runtime",
      "service" : "html5-apps-repo",
      "generated-user" : "********",
      "default-xsappname" : "A26C405-2_html_repo_runtime",
      "type" : "managed-service",
      "default-service-name" : "A26C405-2_html_repo_runtime",
      "default-container-name" : "A6637D2BTRIAL_DEV_A26C405_2_HTML_REPO_RUNTIME"
    },
    "isActive" : true,
    "isOptional" : false,
    "propertiesMetadata" : {
      "metadata" : { }
    },
    "parametersMetadata" : {
      "metadata" : { }
    },
    "requiredDependencies" : [ ],
    "processedAfter" : [ ]
  }, {
    "majorSchemaVersion" : 3,
    "name" : "uaa_A26C405-2",
    "type" : "org.cloudfoundry.managed-service",
    "properties" : { },
    "parameters" : {
      "generated-password" : "********",
      "path" : "./xs-security.json",
      "service-name" : "A26C405-2-xsuaa-service",
      "service-plan" : "application",
      "service" : "xsuaa",
      "generated-user" : "********",
      "default-xsappname" : "uaa_A26C405-2",
      "type" : "managed-service",
      "default-service-name" : "uaa_A26C405-2",
      "default-container-name" : "A6637D2BTRIAL_DEV_UAA_A26C405_2"
    },
    "isActive" : true,
    "isOptional" : false,
    "propertiesMetadata" : {
      "metadata" : { }
    },
    "parametersMetadata" : {
      "metadata" : { }
    },
    "requiredDependencies" : [ ],
    "processedAfter" : [ ]
  }, {
    "majorSchemaVersion" : 3,
    "name" : "A26C405-2_html_repo_host",
    "type" : "org.cloudfoundry.managed-service",
    "properties" : { },
    "parameters" : {
      "generated-password" : "********",
      "service-name" : "A26C405-2_html_repo_host",
      "service-plan" : "app-host",
      "service" : "html5-apps-repo",
      "generated-user" : "********",
      "default-xsappname" : "A26C405-2_html_repo_host",
      "type" : "managed-service",
      "default-service-name" : "A26C405-2_html_repo_host",
      "default-container-name" : "A6637D2BTRIAL_DEV_A26C405_2_HTML_REPO_HOST"
    },
    "isActive" : true,
    "isOptional" : false,
    "propertiesMetadata" : {
      "metadata" : { }
    },
    "parametersMetadata" : {
      "metadata" : { }
    },
    "requiredDependencies" : [ ],
    "processedAfter" : [ ]
  }, {
    "majorSchemaVersion" : 3,
    "name" : "A26C405-2-destination-service",
    "type" : "org.cloudfoundry.managed-service",
    "properties" : { },
    "parameters" : {
      "generated-password" : "********",
      "service-name" : "A26C405-2-destination-service",
      "service-plan" : "lite",
      "service" : "destination",
      "generated-user" : "********",
      "default-xsappname" : "A26C405-2-destination-service",
      "type" : "managed-service",
      "config" : {
        "HTML5Runtime_enabled" : false,
        "init_data" : {
          "instance" : {
            "destinations" : [ {
              "Authentication" : "********",
              "Name" : "ui5",
              "ProxyType" : "Internet",
              "Type" : "HTTP",
              "URL" : "https://ui5.sap.com"
            } ],
            "existing_destinations_policy" : "update"
          }
        },
        "version" : "1.0.0"
      },
      "default-service-name" : "A26C405-2-destination-service",
      "default-container-name" : "A6637D2BTRIAL_DEV_A26C405_2_DESTINATION_SERVICE"
    },
    "isActive" : true,
    "isOptional" : false,
    "propertiesMetadata" : {
      "metadata" : { }
    },
    "parametersMetadata" : {
      "metadata" : { }
    },
    "requiredDependencies" : [ ],
    "processedAfter" : [ ]
  } ],
  "parameters" : {
    "deploy_mode" : "html5-repo",
    "mta-id" : "A26C405-2",
    "authorization-url" : "********",
    "org-guid" : "94d42ea2-4c46-47a3-8368-3ff79fe8eacd",
    "org" : "a6637d2btrial",
    "deploy-target" : "a6637d2btrial dev",
    "enable-parallel-deployments" : true,
    "region-primary-domain" : "us10.hana.ondemand.com",
    "space" : "dev",
    "region-domain" : "us10-001.hana.ondemand.com",
    "xs-api-url" : "https://api.cf.us10-001.hana.ondemand.com",
    "deploy-url" : "deploy-service.cfapps.us10-001.hana.ondemand.com",
    "xs-type" : "CF",
    "default-domain" : "cfapps.us10-001.hana.ondemand.com",
    "mta-version" : "0.0.1",
    "xs-auth-url" : "********",
    "space-guid" : "e694f4ed-6fa8-4f4f-8689-7c6cb666a88a",
    "user" : "********",
    "controller-url" : "https://api.cf.us10-001.hana.ondemand.com",
    "timestamp" : "20260509140831"
  },
  "parametersMetadata" : {
    "metadata" : { }
  }
}#
#2026 05 09 14:08:49.436#Z#DEBUG#8f3ccdc2-4bb0-11f1-ad7f-eeee0a8b5753.OPERATION#flowable-async-job-executor-thread-2446#
[ProcessDescriptorStep] Merged descriptor properties and parameters resolved#
#2026 05 09 14:08:49.436#Z#DEBUG#8f3ccdc2-4bb0-11f1-ad7f-eeee0a8b5753.OPERATION#flowable-async-job-executor-thread-2446#
Step "Re-Process Descriptor Step" finished#
#2026 05 09 14:08:49.479#Z#DEBUG#8f3ccdc2-4bb0-11f1-ad7f-eeee0a8b5753.OPERATION#flowable-async-job-executor-thread-2447#
[BuildApplicationDeployModelStep] Executing task "buildApplicationDeployModelTask" of process "99e38d6b-4bb0-11f1-ad7f-eeee0a8b5753"...#
#2026 05 09 14:08:49.482#Z#DEBUG#8f3ccdc2-4bb0-11f1-ad7f-eeee0a8b5753.OPERATION#flowable-async-job-executor-thread-2447#
[BuildApplicationDeployModelStep] Building cloud deployment model for application "a26c405-2-approuter"...#
#2026 05 09 14:08:49.487#Z#DEBUG#8f3ccdc2-4bb0-11f1-ad7f-eeee0a8b5753.OPERATION#flowable-async-job-executor-thread-2447#
[BuildApplicationDeployModelStep] No health-check-type is specified. Setting default type: port#
#2026 05 09 14:08:49.488#Z#INFO#8f3ccdc2-4bb0-11f1-ad7f-eeee0a8b5753.OPERATION#flowable-async-job-executor-thread-2447#
[BuildApplicationDeployModelStep] Building configuration entries for org a6637d2btrial, space dev, spaceId e694f4ed-6fa8-4f4f-8689-7c6cb666a88a and namespace null!#
#2026 05 09 14:08:49.489#Z#DEBUG#8f3ccdc2-4bb0-11f1-ad7f-eeee0a8b5753.OPERATION#flowable-async-job-executor-thread-2447#
[BuildApplicationDeployModelStep] Configuration entries to publish: [ ]#
#2026 05 09 14:08:49.489#Z#DEBUG#8f3ccdc2-4bb0-11f1-ad7f-eeee0a8b5753.OPERATION#flowable-async-job-executor-thread-2447#
[BuildApplicationDeployModelStep] Cloud deployment model for application built#
#2026 05 09 14:08:49.489#Z#DEBUG#8f3ccdc2-4bb0-11f1-ad7f-eeee0a8b5753.OPERATION#flowable-async-job-executor-thread-2447#
Step "Build Application Deploy Model" finished#
#2026 05 09 14:08:49.534#Z#DEBUG#8f3ccdc2-4bb0-11f1-ad7f-eeee0a8b5753.OPERATION#flowable-async-job-executor-thread-2447#
[CreateOrUpdateAppStep] Executing task "createAppTask" of process "99e38d6b-4bb0-11f1-ad7f-eeee0a8b5753"...#
#2026 05 09 14:08:49.537#Z#DEBUG#8f3ccdc2-4bb0-11f1-ad7f-eeee0a8b5753.OPERATION#flowable-async-job-executor-thread-2447#
[CreateOrUpdateAppStep] Getting application "a26c405-2-approuter"...#
#2026 05 09 14:08:49.593#Z#INFO#8f3ccdc2-4bb0-11f1-ad7f-eeee0a8b5753.OPERATION#flowable-async-job-executor-thread-2447#
[CreateOrUpdateAppStep] Creating application "a26c405-2-approuter" from MTA module "a26c405-2-approuter"...#
#2026 05 09 14:08:49.602#Z#DEBUG#8f3ccdc2-4bb0-11f1-ad7f-eeee0a8b5753.OPERATION#flowable-async-job-executor-thread-2447#
[CreateOrUpdateAppStep] Creating application "a26c405-2-approuter" with disk "256" memory "256", URIs "a6637d2btrial-dev-a26c405-2-approuter.cfapps.us10-001.hana.ondemand.com" and staging: "{
  "isReadinessHealthCheckEnabled" : true,
  "buildpacks" : [ ],
  "healthCheckType" : "port",
  "appFeatures" : { }
}"#
#2026 05 09 14:08:50.083#Z#DEBUG#8f3ccdc2-4bb0-11f1-ad7f-eeee0a8b5753.OPERATION#flowable-async-job-executor-thread-2447#
[CreateOrUpdateAppStep] Application "a26c405-2-approuter" created#
#2026 05 09 14:08:50.083#Z#DEBUG#8f3ccdc2-4bb0-11f1-ad7f-eeee0a8b5753.OPERATION#flowable-async-job-executor-thread-2447#
Step "Create App" finished#
#2026 05 09 14:08:50.202#Z#DEBUG#8f3ccdc2-4bb0-11f1-ad7f-eeee0a8b5753.OPERATION#flowable-async-job-executor-thread-2447#
[CheckServiceBindingOperationStep] Executing task "checkForServiceBindingOperationInProgress" of process "9a605de3-4bb0-11f1-ad7f-eeee0a8b5753"...#
#2026 05 09 14:08:50.202#Z#DEBUG#8f3ccdc2-4bb0-11f1-ad7f-eeee0a8b5753.OPERATION#flowable-async-job-executor-thread-2447#
[CheckServiceBindingOperationStep] Checking for service binding operation in progress between app "a26c405-2-approuter" and service instance "A26C405-2-xsuaa-service"#
#2026 05 09 14:08:50.204#Z#DEBUG#8f3ccdc2-4bb0-11f1-ad7f-eeee0a8b5753.OPERATION#flowable-async-job-executor-thread-2447#
[CheckServiceBindingOperationStep] Getting application guid "a26c405-2-approuter"...#
#2026 05 09 14:08:50.249#Z#DEBUG#8f3ccdc2-4bb0-11f1-ad7f-eeee0a8b5753.OPERATION#flowable-async-job-executor-thread-2447#
[CheckServiceBindingOperationStep] Getting GUID of required service instance "A26C405-2-xsuaa-service"...#
#2026 05 09 14:08:50.298#Z#DEBUG#8f3ccdc2-4bb0-11f1-ad7f-eeee0a8b5753.OPERATION#flowable-async-job-executor-thread-2447#
[CheckServiceBindingOperationStep] Getting binding of service instance "1882a0ac-5f9f-49ad-9933-b56deeafcb5b" with application "867b6c63-f3bf-4674-9b77-8b9822145052"...#
#2026 05 09 14:08:50.326#Z#DEBUG#8f3ccdc2-4bb0-11f1-ad7f-eeee0a8b5753.OPERATION#flowable-async-job-executor-thread-2447#
Step "Check For Service Binding Operation In Progress" finished#
#2026 05 09 14:08:50.366#Z#DEBUG#8f3ccdc2-4bb0-11f1-ad7f-eeee0a8b5753.OPERATION#flowable-async-job-executor-thread-2447#
[DetermineApplicationServiceBindingActionsStep] Executing task "determineApplicationServiceBindingActionsTask" of process "9a605de3-4bb0-11f1-ad7f-eeee0a8b5753"...#
#2026 05 09 14:08:50.369#Z#DEBUG#8f3ccdc2-4bb0-11f1-ad7f-eeee0a8b5753.OPERATION#flowable-async-job-executor-thread-2447#
[DetermineApplicationServiceBindingActionsStep] Determine bind/unbind operations of application "a26c405-2-approuter" to service instance "A26C405-2-xsuaa-service"#
#2026 05 09 14:08:50.369#Z#DEBUG#8f3ccdc2-4bb0-11f1-ad7f-eeee0a8b5753.OPERATION#flowable-async-job-executor-thread-2447#
[DetermineApplicationServiceBindingActionsStep] Getting application "a26c405-2-approuter"...#
#2026 05 09 14:08:50.409#Z#DEBUG#8f3ccdc2-4bb0-11f1-ad7f-eeee0a8b5753.OPERATION#flowable-async-job-executor-thread-2447#
[DetermineApplicationServiceBindingActionsStep] Binding parameters for application "a26c405-2-approuter": { }#
#2026 05 09 14:08:50.434#Z#DEBUG#8f3ccdc2-4bb0-11f1-ad7f-eeee0a8b5753.OPERATION#flowable-async-job-executor-thread-2447#
[DetermineApplicationServiceBindingActionsStep] Calculated binding operations between application "a26c405-2-approuter" and service instance "A26C405-2-xsuaa-service": unbind - false bind - true#
#2026 05 09 14:08:50.434#Z#DEBUG#8f3ccdc2-4bb0-11f1-ad7f-eeee0a8b5753.OPERATION#flowable-async-job-executor-thread-2447#
Step "Determine Application Service Binding Actions" finished#
#2026 05 09 14:08:50.479#Z#DEBUG#8f3ccdc2-4bb0-11f1-ad7f-eeee0a8b5753.OPERATION#flowable-async-job-executor-thread-2447#
[BindServiceToApplicationStep] Executing task "bindServiceToApplicationTask" of process "9a605de3-4bb0-11f1-ad7f-eeee0a8b5753"...#
#2026 05 09 14:08:50.481#Z#INFO#8f3ccdc2-4bb0-11f1-ad7f-eeee0a8b5753.OPERATION#flowable-async-job-executor-thread-2447#
[BindServiceToApplicationStep] Binding service instance "A26C405-2-xsuaa-service" to application "a26c405-2-approuter"...#
#2026 05 09 14:08:50.490#Z#DEBUG#8f3ccdc2-4bb0-11f1-ad7f-eeee0a8b5753.OPERATION#flowable-async-job-executor-thread-2447#
[BindServiceToApplicationStep] Binding service instance "A26C405-2-xsuaa-service" to application "a26c405-2-approuter" with parameters: { }#
#2026 05 09 14:08:50.710#Z#DEBUG#8f3ccdc2-4bb0-11f1-ad7f-eeee0a8b5753.OPERATION#flowable-async-job-executor-thread-2447#
Step "Bind Service to Application" finished#
#2026 05 09 14:08:51.411#Z#DEBUG#8f3ccdc2-4bb0-11f1-ad7f-eeee0a8b5753.OPERATION#flowable-async-job-executor-thread-2513#
[CheckServiceBindingOperationStep] Executing task "checkForServiceBindingOperationInProgress" of process "9b18155d-4bb0-11f1-a190-eeee0a90c870"...#
#2026 05 09 14:08:51.412#Z#DEBUG#8f3ccdc2-4bb0-11f1-ad7f-eeee0a8b5753.OPERATION#flowable-async-job-executor-thread-2513#
[CheckServiceBindingOperationStep] Checking for service binding operation in progress between app "a26c405-2-approuter" and service instance "A26C405-2_html_repo_runtime"#
#2026 05 09 14:08:51.413#Z#DEBUG#8f3ccdc2-4bb0-11f1-ad7f-eeee0a8b5753.OPERATION#flowable-async-job-executor-thread-2513#
[CheckServiceBindingOperationStep] Getting application guid "a26c405-2-approuter"...#
#2026 05 09 14:08:51.462#Z#DEBUG#8f3ccdc2-4bb0-11f1-ad7f-eeee0a8b5753.OPERATION#flowable-async-job-executor-thread-2513#
[CheckServiceBindingOperationStep] Getting GUID of required service instance "A26C405-2_html_repo_runtime"...#
#2026 05 09 14:08:51.493#Z#DEBUG#8f3ccdc2-4bb0-11f1-ad7f-eeee0a8b5753.OPERATION#flowable-async-job-executor-thread-2513#
[CheckServiceBindingOperationStep] Getting binding of service instance "865020ac-6c4b-4ae7-a2cb-d33bf1c210c5" with application "867b6c63-f3bf-4674-9b77-8b9822145052"...#
#2026 05 09 14:08:51.521#Z#DEBUG#8f3ccdc2-4bb0-11f1-ad7f-eeee0a8b5753.OPERATION#flowable-async-job-executor-thread-2513#
Step "Check For Service Binding Operation In Progress" finished#
#2026 05 09 14:08:51.463#Z#DEBUG#8f3ccdc2-4bb0-11f1-ad7f-eeee0a8b5753.OPERATION#flowable-async-job-executor-thread-6647#
[CheckServiceBindingOperationStep] Executing task "checkForServiceBindingOperationInProgress" of process "9b229c5c-4bb0-11f1-93b5-eeee0a8c2712"...#
#2026 05 09 14:08:51.463#Z#DEBUG#8f3ccdc2-4bb0-11f1-ad7f-eeee0a8b5753.OPERATION#flowable-async-job-executor-thread-6647#
[CheckServiceBindingOperationStep] Checking for service binding operation in progress between app "a26c405-2-approuter" and service instance "A26C405-2-destination-service"#
#2026 05 09 14:08:51.463#Z#DEBUG#8f3ccdc2-4bb0-11f1-ad7f-eeee0a8b5753.OPERATION#flowable-async-job-executor-thread-6647#
[CheckServiceBindingOperationStep] Getting application guid "a26c405-2-approuter"...#
#2026 05 09 14:08:51.507#Z#DEBUG#8f3ccdc2-4bb0-11f1-ad7f-eeee0a8b5753.OPERATION#flowable-async-job-executor-thread-6647#
[CheckServiceBindingOperationStep] Getting GUID of required service instance "A26C405-2-destination-service"...#
#2026 05 09 14:08:51.542#Z#DEBUG#8f3ccdc2-4bb0-11f1-ad7f-eeee0a8b5753.OPERATION#flowable-async-job-executor-thread-6647#
[CheckServiceBindingOperationStep] Getting binding of service instance "0b3faa09-e47f-49ce-bdd6-801619838e4d" with application "867b6c63-f3bf-4674-9b77-8b9822145052"...#
#2026 05 09 14:08:51.566#Z#DEBUG#8f3ccdc2-4bb0-11f1-ad7f-eeee0a8b5753.OPERATION#flowable-async-job-executor-thread-6647#
Step "Check For Service Binding Operation In Progress" finished#
#2026 05 09 14:08:51.562#Z#DEBUG#8f3ccdc2-4bb0-11f1-ad7f-eeee0a8b5753.OPERATION#flowable-async-job-executor-thread-2515#
[DetermineApplicationServiceBindingActionsStep] Executing task "determineApplicationServiceBindingActionsTask" of process "9b18155d-4bb0-11f1-a190-eeee0a90c870"...#
#2026 05 09 14:08:51.564#Z#DEBUG#8f3ccdc2-4bb0-11f1-ad7f-eeee0a8b5753.OPERATION#flowable-async-job-executor-thread-2515#
[DetermineApplicationServiceBindingActionsStep] Determine bind/unbind operations of application "a26c405-2-approuter" to service instance "A26C405-2_html_repo_runtime"#
#2026 05 09 14:08:51.564#Z#DEBUG#8f3ccdc2-4bb0-11f1-ad7f-eeee0a8b5753.OPERATION#flowable-async-job-executor-thread-2515#
[DetermineApplicationServiceBindingActionsStep] Getting application "a26c405-2-approuter"...#
#2026 05 09 14:08:51.611#Z#DEBUG#8f3ccdc2-4bb0-11f1-ad7f-eeee0a8b5753.OPERATION#flowable-async-job-executor-thread-2515#
[DetermineApplicationServiceBindingActionsStep] Binding parameters for application "a26c405-2-approuter": { }#
#2026 05 09 14:08:51.646#Z#DEBUG#8f3ccdc2-4bb0-11f1-ad7f-eeee0a8b5753.OPERATION#flowable-async-job-executor-thread-2515#
[DetermineApplicationServiceBindingActionsStep] Calculated binding operations between application "a26c405-2-approuter" and service instance "A26C405-2_html_repo_runtime": unbind - false bind - true#
#2026 05 09 14:08:51.646#Z#DEBUG#8f3ccdc2-4bb0-11f1-ad7f-eeee0a8b5753.OPERATION#flowable-async-job-executor-thread-2515#
Step "Determine Application Service Binding Actions" finished#
#2026 05 09 14:08:51.590#Z#DEBUG#8f3ccdc2-4bb0-11f1-ad7f-eeee0a8b5753.OPERATION#flowable-async-job-executor-thread-6647#
[DetermineApplicationServiceBindingActionsStep] Executing task "determineApplicationServiceBindingActionsTask" of process "9b229c5c-4bb0-11f1-93b5-eeee0a8c2712"...#
#2026 05 09 14:08:51.591#Z#DEBUG#8f3ccdc2-4bb0-11f1-ad7f-eeee0a8b5753.OPERATION#flowable-async-job-executor-thread-6647#
[DetermineApplicationServiceBindingActionsStep] Determine bind/unbind operations of application "a26c405-2-approuter" to service instance "A26C405-2-destination-service"#
#2026 05 09 14:08:51.591#Z#DEBUG#8f3ccdc2-4bb0-11f1-ad7f-eeee0a8b5753.OPERATION#flowable-async-job-executor-thread-6647#
[DetermineApplicationServiceBindingActionsStep] Getting application "a26c405-2-approuter"...#
#2026 05 09 14:08:51.636#Z#DEBUG#8f3ccdc2-4bb0-11f1-ad7f-eeee0a8b5753.OPERATION#flowable-async-job-executor-thread-6647#
[DetermineApplicationServiceBindingActionsStep] Binding parameters for application "a26c405-2-approuter": { }#
#2026 05 09 14:08:51.672#Z#DEBUG#8f3ccdc2-4bb0-11f1-ad7f-eeee0a8b5753.OPERATION#flowable-async-job-executor-thread-6647#
[DetermineApplicationServiceBindingActionsStep] Calculated binding operations between application "a26c405-2-approuter" and service instance "A26C405-2-destination-service": unbind - false bind - true#
#2026 05 09 14:08:51.672#Z#DEBUG#8f3ccdc2-4bb0-11f1-ad7f-eeee0a8b5753.OPERATION#flowable-async-job-executor-thread-6647#
Step "Determine Application Service Binding Actions" finished#
#2026 05 09 14:08:51.688#Z#DEBUG#8f3ccdc2-4bb0-11f1-ad7f-eeee0a8b5753.OPERATION#flowable-async-job-executor-thread-2516#
[BindServiceToApplicationStep] Executing task "bindServiceToApplicationTask" of process "9b18155d-4bb0-11f1-a190-eeee0a90c870"...#
#2026 05 09 14:08:51.690#Z#INFO#8f3ccdc2-4bb0-11f1-ad7f-eeee0a8b5753.OPERATION#flowable-async-job-executor-thread-2516#
[BindServiceToApplicationStep] Binding service instance "A26C405-2_html_repo_runtime" to application "a26c405-2-approuter"...#
#2026 05 09 14:08:51.700#Z#DEBUG#8f3ccdc2-4bb0-11f1-ad7f-eeee0a8b5753.OPERATION#flowable-async-job-executor-thread-2516#
[BindServiceToApplicationStep] Binding service instance "A26C405-2_html_repo_runtime" to application "a26c405-2-approuter" with parameters: { }#
#2026 05 09 14:08:51.831#Z#DEBUG#8f3ccdc2-4bb0-11f1-ad7f-eeee0a8b5753.OPERATION#flowable-async-job-executor-thread-2516#
Step "Bind Service to Application" finished#
#2026 05 09 14:08:51.697#Z#DEBUG#8f3ccdc2-4bb0-11f1-ad7f-eeee0a8b5753.OPERATION#flowable-async-job-executor-thread-6647#
[BindServiceToApplicationStep] Executing task "bindServiceToApplicationTask" of process "9b229c5c-4bb0-11f1-93b5-eeee0a8c2712"...#
#2026 05 09 14:08:51.699#Z#INFO#8f3ccdc2-4bb0-11f1-ad7f-eeee0a8b5753.OPERATION#flowable-async-job-executor-thread-6647#
[BindServiceToApplicationStep] Binding service instance "A26C405-2-destination-service" to application "a26c405-2-approuter"...#
#2026 05 09 14:08:51.703#Z#DEBUG#8f3ccdc2-4bb0-11f1-ad7f-eeee0a8b5753.OPERATION#flowable-async-job-executor-thread-6647#
[BindServiceToApplicationStep] Binding service instance "A26C405-2-destination-service" to application "a26c405-2-approuter" with parameters: { }#
#2026 05 09 14:08:51.846#Z#DEBUG#8f3ccdc2-4bb0-11f1-ad7f-eeee0a8b5753.OPERATION#flowable-async-job-executor-thread-6647#
Step "Bind Service to Application" finished#
#2026 05 09 14:08:51.459#Z#DEBUG#8f3ccdc2-4bb0-11f1-ad7f-eeee0a8b5753.OPERATION#flowable-async-job-executor-thread-2514#
[BuildContentDeploymentConfigurationStep] Executing task "buildContentDeploymentConfigurationTask" of process "9b1afc27-4bb0-11f1-a190-eeee0a90c870"...#
#2026 05 09 14:08:51.464#Z#DEBUG#8f3ccdc2-4bb0-11f1-ad7f-eeee0a8b5753.OPERATION#flowable-async-job-executor-thread-2514#
[BuildContentDeploymentConfigurationStep] Getting service key "A26C405-2_ui_deployer-A26C405-2_html_repo_host-credentials" for service instance "A26C405-2_html_repo_host"...#
#2026 05 09 14:08:51.623#Z#INFO#8f3ccdc2-4bb0-11f1-ad7f-eeee0a8b5753.OPERATION#flowable-async-job-executor-thread-2514#
[BuildContentDeploymentConfigurationStep] Creating service key "A26C405-2_ui_deployer-A26C405-2_html_repo_host-credentials" for service instance "A26C405-2_html_repo_host"...#
#2026 05 09 14:08:51.631#Z#DEBUG#8f3ccdc2-4bb0-11f1-ad7f-eeee0a8b5753.OPERATION#flowable-async-job-executor-thread-2514#
[BuildContentDeploymentConfigurationStep] Creating service key "A26C405-2_ui_deployer-A26C405-2_html_repo_host-credentials" for service instance "A26C405-2_html_repo_host" with parameters: {
  "service_key_type" : "********"
}#
#2026 05 09 14:08:52.985#Z#DEBUG#8f3ccdc2-4bb0-11f1-ad7f-eeee0a8b5753.OPERATION#flowable-async-job-executor-thread-2514#
[BuildContentDeploymentConfigurationStep] Service key "A26C405-2_ui_deployer-A26C405-2_html_repo_host-credentials" created#
#2026 05 09 14:08:52.986#Z#DEBUG#8f3ccdc2-4bb0-11f1-ad7f-eeee0a8b5753.OPERATION#flowable-async-job-executor-thread-2514#
Step "Build Content Deployment Configuration" finished#
#2026 05 09 14:08:52.992#Z#DEBUG#8f3ccdc2-4bb0-11f1-ad7f-eeee0a8b5753.OPERATION#flowable-async-job-executor-thread-2514#
[CreateContentDeployClientConfigurationStep] Executing task "createContentDeployClientConfigurationTask" of process "9c111b2a-4bb0-11f1-a190-eeee0a90c870"...#
#2026 05 09 14:08:52.992#Z#DEBUG#8f3ccdc2-4bb0-11f1-ad7f-eeee0a8b5753.OPERATION#flowable-async-job-executor-thread-2514#
[CreateContentDeployClientConfigurationStep] Content deployer client configuration: {
  "contentDeployerUrl" : "https://html5-apps-repo-dt.cfapps.us10.hana.ondemand.com",
  "uaaClientConfiguration" : {
    "url" : "********",
    "credentials" : "********",
    "authenticationStrategyType" : "********"
  },
  "httpRequestHeaders" : {
    "X-CorrelationID" : "8f3ccdc2-4bb0-11f1-ad7f-eeee0a8b5753"
  },
  "spaceId" : "e694f4ed-6fa8-4f4f-8689-7c6cb666a88a",
  "serviceName" : "A26C405-2_html_repo_host"
}#
#2026 05 09 14:08:53.196#Z#DEBUG#8f3ccdc2-4bb0-11f1-ad7f-eeee0a8b5753.OPERATION#flowable-async-job-executor-thread-2514#
Step "Create Content Deploy Client Configuration" finished#
#2026 05 09 14:08:53.198#Z#DEBUG#8f3ccdc2-4bb0-11f1-ad7f-eeee0a8b5753.OPERATION#flowable-async-job-executor-thread-2514#
[GetContentFromDeploymentDescriptorStep] Executing task "getContentFromDeploymentDescriptorTask" of process "9c111b2a-4bb0-11f1-a190-eeee0a90c870"...#
#2026 05 09 14:08:53.198#Z#DEBUG#8f3ccdc2-4bb0-11f1-ad7f-eeee0a8b5753.OPERATION#flowable-async-job-executor-thread-2514#
Step "Get Content From Deployment Descriptor" finished#
#2026 05 09 14:08:53.200#Z#DEBUG#8f3ccdc2-4bb0-11f1-ad7f-eeee0a8b5753.OPERATION#flowable-async-job-executor-thread-2514#
[UploadContentStep] Executing task "uploadContentTask" of process "9c111b2a-4bb0-11f1-a190-eeee0a90c870"...#
#2026 05 09 14:08:53.200#Z#INFO#8f3ccdc2-4bb0-11f1-ad7f-eeee0a8b5753.OPERATION#flowable-async-job-executor-thread-2514#
[UploadContentStep] Uploading content module "A26C405-2_ui_deployer" in target service "A26C405-2_html_repo_host"...#
#2026 05 09 14:08:53.206#Z#DEBUG#8f3ccdc2-4bb0-11f1-ad7f-eeee0a8b5753.OPERATION#flowable-async-job-executor-thread-2514#
[UploadContentStep] Uploading file "A26C405-2_ui_deployer/resources/data.zip" for content module "A26C405-2_ui_deployer" in service "A26C405-2_html_repo_host"#
#2026 05 09 14:08:53.445#Z#INFO#8f3ccdc2-4bb0-11f1-ad7f-eeee0a8b5753.OPERATION#flowable-async-job-executor-thread-2514#
[UploadContentStep] Content to deploy size: 116,369 in bytes#
#2026 05 09 14:08:54.866#Z#DEBUG#8f3ccdc2-4bb0-11f1-ad7f-eeee0a8b5753.OPERATION#flowable-async-job-executor-thread-2514#
[UploadContentStep] Uploaded content: {
  "id" : "429d6440-8fc6-4147-8779-35cd7d1e29a7",
  "name" : "content.zip",
  "contentType" : "FILE"
}#
#2026 05 09 14:08:54.867#Z#DEBUG#8f3ccdc2-4bb0-11f1-ad7f-eeee0a8b5753.OPERATION#flowable-async-job-executor-thread-2514#
Step "Upload Content" finished#
#2026 05 09 14:08:54.870#Z#DEBUG#8f3ccdc2-4bb0-11f1-ad7f-eeee0a8b5753.OPERATION#flowable-async-job-executor-thread-2514#
[StartContentDeployStep] Executing task "startContentDeployTask" of process "9c111b2a-4bb0-11f1-a190-eeee0a90c870"...#
#2026 05 09 14:08:54.870#Z#INFO#8f3ccdc2-4bb0-11f1-ad7f-eeee0a8b5753.OPERATION#flowable-async-job-executor-thread-2514#
[StartContentDeployStep] Deploying content module "A26C405-2_ui_deployer" in target service "A26C405-2_html_repo_host"...#
#2026 05 09 14:08:55.049#Z#DEBUG#8f3ccdc2-4bb0-11f1-ad7f-eeee0a8b5753.OPERATION#flowable-async-job-executor-thread-2514#
Step "Start Content Deploy" finished#
#2026 05 09 14:08:58.302#Z#DEBUG#8f3ccdc2-4bb0-11f1-ad7f-eeee0a8b5753.OPERATION#flowable-async-job-executor-thread-6652#
[BindServiceToApplicationStep] Executing task "bindServiceToApplicationTask" of process "9b18155d-4bb0-11f1-a190-eeee0a90c870"...#
#2026 05 09 14:08:58.304#Z#DEBUG#8f3ccdc2-4bb0-11f1-ad7f-eeee0a8b5753.OPERATION#flowable-async-job-executor-thread-6652#
[BindServiceToApplicationStep] Getting async job "5e53b21c-3b72-4560-ad80-4f431fa5b270"#
#2026 05 09 14:08:58.333#Z#DEBUG#8f3ccdc2-4bb0-11f1-ad7f-eeee0a8b5753.OPERATION#flowable-async-job-executor-thread-6652#
[BindServiceToApplicationStep] Getting service instance "A26C405-2_html_repo_runtime"...#
#2026 05 09 14:08:58.342#Z#DEBUG#8f3ccdc2-4bb0-11f1-ad7f-eeee0a8b5753.OPERATION#flowable-async-job-executor-thread-6650#
[BindServiceToApplicationStep] Executing task "bindServiceToApplicationTask" of process "9b229c5c-4bb0-11f1-93b5-eeee0a8c2712"...#
#2026 05 09 14:08:58.343#Z#DEBUG#8f3ccdc2-4bb0-11f1-ad7f-eeee0a8b5753.OPERATION#flowable-async-job-executor-thread-6650#
[BindServiceToApplicationStep] Getting async job "d67cf015-6595-42c6-a5e9-8b7e61855c40"#
#2026 05 09 14:08:58.369#Z#DEBUG#8f3ccdc2-4bb0-11f1-ad7f-eeee0a8b5753.OPERATION#flowable-async-job-executor-thread-6650#
[BindServiceToApplicationStep] Getting service instance "A26C405-2-destination-service"...#
#2026 05 09 14:08:58.467#Z#DEBUG#8f3ccdc2-4bb0-11f1-ad7f-eeee0a8b5753.OPERATION#flowable-async-job-executor-thread-6652#
[BindServiceToApplicationStep] Async service binding operation with id "5e53b21c-3b72-4560-ad80-4f431fa5b270" finished#
#2026 05 09 14:08:58.468#Z#DEBUG#8f3ccdc2-4bb0-11f1-ad7f-eeee0a8b5753.OPERATION#flowable-async-job-executor-thread-6652#
Step "Bind Service to Application" finished#
#2026 05 09 14:08:58.515#Z#DEBUG#8f3ccdc2-4bb0-11f1-ad7f-eeee0a8b5753.OPERATION#flowable-async-job-executor-thread-6650#
[BindServiceToApplicationStep] Async service binding operation with id "d67cf015-6595-42c6-a5e9-8b7e61855c40" finished#
#2026 05 09 14:08:58.516#Z#DEBUG#8f3ccdc2-4bb0-11f1-ad7f-eeee0a8b5753.OPERATION#flowable-async-job-executor-thread-6650#
Step "Bind Service to Application" finished#
#2026 05 09 14:08:58.355#Z#DEBUG#8f3ccdc2-4bb0-11f1-ad7f-eeee0a8b5753.OPERATION#flowable-async-job-executor-thread-2449#
[BindServiceToApplicationStep] Executing task "bindServiceToApplicationTask" of process "9a605de3-4bb0-11f1-ad7f-eeee0a8b5753"...#
#2026 05 09 14:08:58.358#Z#DEBUG#8f3ccdc2-4bb0-11f1-ad7f-eeee0a8b5753.OPERATION#flowable-async-job-executor-thread-2449#
[BindServiceToApplicationStep] Getting async job "ccbb4c4a-a84e-4fdf-8026-b830c0ff7ade"#
#2026 05 09 14:08:58.397#Z#DEBUG#8f3ccdc2-4bb0-11f1-ad7f-eeee0a8b5753.OPERATION#flowable-async-job-executor-thread-2449#
[BindServiceToApplicationStep] Getting service instance "A26C405-2-xsuaa-service"...#
#2026 05 09 14:08:58.545#Z#DEBUG#8f3ccdc2-4bb0-11f1-ad7f-eeee0a8b5753.OPERATION#flowable-async-job-executor-thread-2449#
[BindServiceToApplicationStep] Async service binding operation with id "ccbb4c4a-a84e-4fdf-8026-b830c0ff7ade" finished#
#2026 05 09 14:08:58.547#Z#DEBUG#8f3ccdc2-4bb0-11f1-ad7f-eeee0a8b5753.OPERATION#flowable-async-job-executor-thread-2449#
Step "Bind Service to Application" finished#
#2026 05 09 14:08:58.711#Z#DEBUG#8f3ccdc2-4bb0-11f1-ad7f-eeee0a8b5753.OPERATION#flowable-async-job-executor-thread-2451#
[DetermineVcapServicesPropertiesChangedStep] Executing task "determineVcapServicesPropertiesChangedTask" of process "9f70c110-4bb0-11f1-ad7f-eeee0a8b5753"...#
#2026 05 09 14:08:58.714#Z#DEBUG#8f3ccdc2-4bb0-11f1-ad7f-eeee0a8b5753.OPERATION#flowable-async-job-executor-thread-2451#
[DetermineVcapServicesPropertiesChangedStep] VCAP_SERVICES properties for application "a26c405-2-approuter" changed: true#
#2026 05 09 14:08:58.714#Z#DEBUG#8f3ccdc2-4bb0-11f1-ad7f-eeee0a8b5753.OPERATION#flowable-async-job-executor-thread-2451#
Step "Determine vcap services properties changed" finished#
#2026 05 09 14:08:58.754#Z#DEBUG#8f3ccdc2-4bb0-11f1-ad7f-eeee0a8b5753.OPERATION#flowable-async-job-executor-thread-2452#
[UploadAppStep] Executing task "uploadAppTask" of process "9f70c110-4bb0-11f1-ad7f-eeee0a8b5753"...#
#2026 05 09 14:08:58.755#Z#DEBUG#8f3ccdc2-4bb0-11f1-ad7f-eeee0a8b5753.OPERATION#flowable-async-job-executor-thread-2452#
[UploadAppStep] Application upload timeout is default one: 3,600 seconds#
#2026 05 09 14:08:58.756#Z#INFO#8f3ccdc2-4bb0-11f1-ad7f-eeee0a8b5753.OPERATION#flowable-async-job-executor-thread-2452#
[UploadAppStep] Uploading application "a26c405-2-approuter"...#
#2026 05 09 14:08:58.762#Z#DEBUG#8f3ccdc2-4bb0-11f1-ad7f-eeee0a8b5753.OPERATION#flowable-async-job-executor-thread-2452#
[UploadAppStep] Getting application "a26c405-2-approuter"...#
#2026 05 09 14:08:58.806#Z#DEBUG#8f3ccdc2-4bb0-11f1-ad7f-eeee0a8b5753.OPERATION#flowable-async-job-executor-thread-2452#
[UploadAppStep] Getting environment of application "867b6c63-f3bf-4674-9b77-8b9822145052"...#
#2026 05 09 14:08:58.852#Z#INFO#8f3ccdc2-4bb0-11f1-ad7f-eeee0a8b5753.OPERATION#flowable-async-job-executor-thread-2452#
[UploadAppStep] Calculating application digest: "a26c405-2-approuter"#
#2026 05 09 14:08:58.961#Z#DEBUG#8f3ccdc2-4bb0-11f1-ad7f-eeee0a8b5753.OPERATION#flowable-async-job-executor-thread-2452#
Step "Upload App" finished#
#2026 05 09 14:09:08.385#Z#DEBUG#8f3ccdc2-4bb0-11f1-ad7f-eeee0a8b5753.OPERATION#flowable-async-job-executor-thread-6664#
[UploadAppStep] Executing task "uploadAppTask" of process "9f70c110-4bb0-11f1-ad7f-eeee0a8b5753"...#
#2026 05 09 14:09:08.386#Z#DEBUG#8f3ccdc2-4bb0-11f1-ad7f-eeee0a8b5753.OPERATION#flowable-async-job-executor-thread-6664#
[UploadAppStep] Application upload timeout is default one: 3,600 seconds#
#2026 05 09 14:09:08.388#Z#DEBUG#8f3ccdc2-4bb0-11f1-ad7f-eeee0a8b5753.OPERATION#pool-21-thread-4#
[UploadAppStep] Upload of application: a26c405-2-approuter started on instance: 0#
#2026 05 09 14:09:08.388#Z#DEBUG#8f3ccdc2-4bb0-11f1-ad7f-eeee0a8b5753.OPERATION#pool-21-thread-4#
[UploadAppStep] Uploading file "a26c405-2-approuter/data.zip" for application "a26c405-2-approuter"#
#2026 05 09 14:09:08.474#Z#INFO#8f3ccdc2-4bb0-11f1-ad7f-eeee0a8b5753.OPERATION#pool-21-thread-4#
[UploadAppStep] Time elapsed for app binary download: 85 in millis#
#2026 05 09 14:09:08.474#Z#INFO#8f3ccdc2-4bb0-11f1-ad7f-eeee0a8b5753.OPERATION#pool-21-thread-4#
[UploadAppStep] Size of app a26c405-2-approuter is 8,300,339 bytes#
#2026 05 09 14:09:08.474#Z#DEBUG#8f3ccdc2-4bb0-11f1-ad7f-eeee0a8b5753.OPERATION#pool-21-thread-4#
[UploadAppStep] Asynchronously uploading binaries for application "a26c405-2-approuter"...#
#2026 05 09 14:09:08.699#Z#INFO#8f3ccdc2-4bb0-11f1-ad7f-eeee0a8b5753.OPERATION#pool-21-thread-4#
[UploadAppStep] Started async upload of application "a26c405-2-approuter"#
#2026 05 09 14:09:08.705#Z#INFO#8f3ccdc2-4bb0-11f1-ad7f-eeee0a8b5753.OPERATION#flowable-async-job-executor-thread-6664#
[UploadAppStep] Time elapsed for upload: 318 in millis#
#2026 05 09 14:09:08.705#Z#DEBUG#8f3ccdc2-4bb0-11f1-ad7f-eeee0a8b5753.OPERATION#flowable-async-job-executor-thread-6664#
[UploadAppStep] Getting application "a26c405-2-approuter"...#
#2026 05 09 14:09:08.728#Z#DEBUG#8f3ccdc2-4bb0-11f1-ad7f-eeee0a8b5753.OPERATION#App upload monitor: 53a88c8f-b73b-4d26-8b01-459512d71f6d#
[UploadAppStep] Upload status: PROCESSING_UPLOAD#
#2026 05 09 14:09:08.747#Z#DEBUG#8f3ccdc2-4bb0-11f1-ad7f-eeee0a8b5753.OPERATION#flowable-async-job-executor-thread-6664#
[UploadAppStep] Getting environment of application "867b6c63-f3bf-4674-9b77-8b9822145052"...#
#2026 05 09 14:09:08.794#Z#DEBUG#8f3ccdc2-4bb0-11f1-ad7f-eeee0a8b5753.OPERATION#flowable-async-job-executor-thread-6664#
[UploadAppStep] Updating environment of application "a26c405-2-approuter"#
#2026 05 09 14:09:08.877#Z#DEBUG#8f3ccdc2-4bb0-11f1-ad7f-eeee0a8b5753.OPERATION#flowable-async-job-executor-thread-6664#
Step "Upload App" finished#
#2026 05 09 14:09:08.364#Z#DEBUG#8f3ccdc2-4bb0-11f1-ad7f-eeee0a8b5753.OPERATION#flowable-async-job-executor-thread-2520#
[StartContentDeployStep] Executing task "startContentDeployTask" of process "9c111b2a-4bb0-11f1-a190-eeee0a90c870"...#
#2026 05 09 14:09:08.366#Z#DEBUG#8f3ccdc2-4bb0-11f1-ad7f-eeee0a8b5753.OPERATION#flowable-async-job-executor-thread-2520#
[StartContentDeployStep] Checking status of module content deployment "A26C405-2_ui_deployer" in service "A26C405-2_html_repo_host"...#
#2026 05 09 14:09:08.925#Z#DEBUG#8f3ccdc2-4bb0-11f1-ad7f-eeee0a8b5753.OPERATION#flowable-async-job-executor-thread-2520#
[StartContentDeployStep] Deleting content deployment resource "429d6440-8fc6-4147-8779-35cd7d1e29a7"...#
#2026 05 09 14:09:08.964#Z#DEBUG#8f3ccdc2-4bb0-11f1-ad7f-eeee0a8b5753.OPERATION#flowable-async-job-executor-thread-2520#
Step "Start Content Deploy" finished#
#2026 05 09 14:09:13.752#Z#DEBUG#8f3ccdc2-4bb0-11f1-ad7f-eeee0a8b5753.OPERATION#App upload monitor: 53a88c8f-b73b-4d26-8b01-459512d71f6d#
[UploadAppStep] Upload status: READY#
#2026 05 09 14:09:18.401#Z#DEBUG#8f3ccdc2-4bb0-11f1-ad7f-eeee0a8b5753.OPERATION#flowable-async-job-executor-thread-6672#
[UploadAppStep] Executing task "uploadAppTask" of process "9f70c110-4bb0-11f1-ad7f-eeee0a8b5753"...#
#2026 05 09 14:09:18.402#Z#DEBUG#8f3ccdc2-4bb0-11f1-ad7f-eeee0a8b5753.OPERATION#flowable-async-job-executor-thread-6672#
[UploadAppStep] Application upload timeout is default one: 3,600 seconds#
#2026 05 09 14:09:18.402#Z#DEBUG#8f3ccdc2-4bb0-11f1-ad7f-eeee0a8b5753.OPERATION#flowable-async-job-executor-thread-6672#
[UploadAppStep] Checking upload status of application "a26c405-2-approuter"...#
#2026 05 09 14:09:18.403#Z#DEBUG#8f3ccdc2-4bb0-11f1-ad7f-eeee0a8b5753.OPERATION#flowable-async-job-executor-thread-6672#
[UploadAppStep] Getting package "53a88c8f-b73b-4d26-8b01-459512d71f6d"...#
#2026 05 09 14:09:18.429#Z#DEBUG#8f3ccdc2-4bb0-11f1-ad7f-eeee0a8b5753.OPERATION#flowable-async-job-executor-thread-6672#
[UploadAppStep] Application "a26c405-2-approuter" uploaded#
#2026 05 09 14:09:18.430#Z#DEBUG#8f3ccdc2-4bb0-11f1-ad7f-eeee0a8b5753.OPERATION#flowable-async-job-executor-thread-6672#
Step "Upload App" finished#
#2026 05 09 14:09:18.455#Z#DEBUG#8f3ccdc2-4bb0-11f1-ad7f-eeee0a8b5753.OPERATION#flowable-async-job-executor-thread-6672#
[ScaleAppStep] Executing task "scaleAppTask" of process "9f70c110-4bb0-11f1-ad7f-eeee0a8b5753"...#
#2026 05 09 14:09:18.456#Z#DEBUG#8f3ccdc2-4bb0-11f1-ad7f-eeee0a8b5753.OPERATION#flowable-async-job-executor-thread-6672#
[ScaleAppStep] Scaling application "a26c405-2-approuter"...#
#2026 05 09 14:09:18.456#Z#DEBUG#8f3ccdc2-4bb0-11f1-ad7f-eeee0a8b5753.OPERATION#flowable-async-job-executor-thread-6672#
[ScaleAppStep] Application "a26c405-2-approuter" scaled#
#2026 05 09 14:09:18.456#Z#DEBUG#8f3ccdc2-4bb0-11f1-ad7f-eeee0a8b5753.OPERATION#flowable-async-job-executor-thread-6672#
Step "Scale App" finished#
#2026 05 09 14:09:18.476#Z#DEBUG#8f3ccdc2-4bb0-11f1-ad7f-eeee0a8b5753.OPERATION#flowable-async-job-executor-thread-6672#
[DetermineDesiredStateAchievingActionsStep] Executing task "determineDesiredStateAchievingActionsTask" of process "9f70c110-4bb0-11f1-ad7f-eeee0a8b5753"...#
#2026 05 09 14:09:18.477#Z#DEBUG#8f3ccdc2-4bb0-11f1-ad7f-eeee0a8b5753.OPERATION#flowable-async-job-executor-thread-6672#
[DetermineDesiredStateAchievingActionsStep] Getting application "a26c405-2-approuter"...#
#2026 05 09 14:09:18.520#Z#DEBUG#8f3ccdc2-4bb0-11f1-ad7f-eeee0a8b5753.OPERATION#flowable-async-job-executor-thread-6672#
[DetermineDesiredStateAchievingActionsStep] Getting instances for application "a26c405-2-approuter"...#
#2026 05 09 14:09:18.520#Z#DEBUG#8f3ccdc2-4bb0-11f1-ad7f-eeee0a8b5753.OPERATION#flowable-async-job-executor-thread-6672#
[DetermineDesiredStateAchievingActionsStep] Getting environment of application "867b6c63-f3bf-4674-9b77-8b9822145052"...#
#2026 05 09 14:09:18.557#Z#DEBUG#8f3ccdc2-4bb0-11f1-ad7f-eeee0a8b5753.OPERATION#flowable-async-job-executor-thread-6672#
[DetermineDesiredStateAchievingActionsStep] Current state of application a26c405-2-approuter: STOPPED#
#2026 05 09 14:09:18.557#Z#DEBUG#8f3ccdc2-4bb0-11f1-ad7f-eeee0a8b5753.OPERATION#flowable-async-job-executor-thread-6672#
[DetermineDesiredStateAchievingActionsStep] Desired state of application a26c405-2-approuter: STARTED#
#2026 05 09 14:09:18.557#Z#DEBUG#8f3ccdc2-4bb0-11f1-ad7f-eeee0a8b5753.OPERATION#flowable-async-job-executor-thread-6672#
[DetermineDesiredStateAchievingActionsStep] Actions that should be executed on application a26c405-2-approuter: [STAGE, START]#
#2026 05 09 14:09:18.557#Z#DEBUG#8f3ccdc2-4bb0-11f1-ad7f-eeee0a8b5753.OPERATION#flowable-async-job-executor-thread-6672#
Step "Determine Desired State Achieving Actions" finished#
#2026 05 09 14:09:18.590#Z#DEBUG#8f3ccdc2-4bb0-11f1-ad7f-eeee0a8b5753.OPERATION#flowable-async-job-executor-thread-6672#
[StageAppStep] Executing task "stageAppTask" of process "9f70c110-4bb0-11f1-ad7f-eeee0a8b5753"...#
#2026 05 09 14:09:18.590#Z#DEBUG#8f3ccdc2-4bb0-11f1-ad7f-eeee0a8b5753.OPERATION#flowable-async-job-executor-thread-6672#
[StageAppStep] Application stage timeout is default one: 3,600 seconds#
#2026 05 09 14:09:18.592#Z#INFO#8f3ccdc2-4bb0-11f1-ad7f-eeee0a8b5753.OPERATION#flowable-async-job-executor-thread-6672#
[StageAppStep] Staging application "a26c405-2-approuter"...#
#2026 05 09 14:09:18.595#Z#DEBUG#8f3ccdc2-4bb0-11f1-ad7f-eeee0a8b5753.OPERATION#flowable-async-job-executor-thread-6672#
[StageAppStep] Creating build for package "53a88c8f-b73b-4d26-8b01-459512d71f6d"...#
#2026 05 09 14:09:19.226#Z#DEBUG#8f3ccdc2-4bb0-11f1-ad7f-eeee0a8b5753.OPERATION#flowable-async-job-executor-thread-6672#
Step "Stage App" finished#
#2026 05 09 14:09:28.429#Z#DEBUG#8f3ccdc2-4bb0-11f1-ad7f-eeee0a8b5753.OPERATION#flowable-async-job-executor-thread-6680#
[StageAppStep] Executing task "stageAppTask" of process "9f70c110-4bb0-11f1-ad7f-eeee0a8b5753"...#
#2026 05 09 14:09:28.429#Z#DEBUG#8f3ccdc2-4bb0-11f1-ad7f-eeee0a8b5753.OPERATION#flowable-async-job-executor-thread-6680#
[StageAppStep] Application stage timeout is default one: 3,600 seconds#
#2026 05 09 14:09:28.430#Z#DEBUG#8f3ccdc2-4bb0-11f1-ad7f-eeee0a8b5753.OPERATION#flowable-async-job-executor-thread-6680#
[StageAppStep] Checking status of application "a26c405-2-approuter"...#
#2026 05 09 14:09:28.430#Z#DEBUG#8f3ccdc2-4bb0-11f1-ad7f-eeee0a8b5753.OPERATION#flowable-async-job-executor-thread-6680#
[StageAppStep] Getting build "57d91923-9d71-4694-9e88-bb46a97c7800"...#
#2026 05 09 14:09:28.463#Z#DEBUG#8f3ccdc2-4bb0-11f1-ad7f-eeee0a8b5753.OPERATION#flowable-async-job-executor-thread-6680#
[StageAppStep] Staging status of application "a26c405-2-approuter": PENDING#
#2026 05 09 14:09:28.464#Z#DEBUG#8f3ccdc2-4bb0-11f1-ad7f-eeee0a8b5753.OPERATION#flowable-async-job-executor-thread-6680#
[StageAppStep] Getting application guid "a26c405-2-approuter"...#
#2026 05 09 14:09:28.559#Z#DEBUG#8f3ccdc2-4bb0-11f1-ad7f-eeee0a8b5753.OPERATION#flowable-async-job-executor-thread-6680#
Step "Stage App" finished#
#2026 05 09 14:09:38.449#Z#DEBUG#8f3ccdc2-4bb0-11f1-ad7f-eeee0a8b5753.OPERATION#flowable-async-job-executor-thread-6685#
[StageAppStep] Executing task "stageAppTask" of process "9f70c110-4bb0-11f1-ad7f-eeee0a8b5753"...#
#2026 05 09 14:09:38.450#Z#DEBUG#8f3ccdc2-4bb0-11f1-ad7f-eeee0a8b5753.OPERATION#flowable-async-job-executor-thread-6685#
[StageAppStep] Application stage timeout is default one: 3,600 seconds#
#2026 05 09 14:09:38.451#Z#DEBUG#8f3ccdc2-4bb0-11f1-ad7f-eeee0a8b5753.OPERATION#flowable-async-job-executor-thread-6685#
[StageAppStep] Checking status of application "a26c405-2-approuter"...#
#2026 05 09 14:09:38.451#Z#DEBUG#8f3ccdc2-4bb0-11f1-ad7f-eeee0a8b5753.OPERATION#flowable-async-job-executor-thread-6685#
[StageAppStep] Getting build "57d91923-9d71-4694-9e88-bb46a97c7800"...#
#2026 05 09 14:09:38.490#Z#DEBUG#8f3ccdc2-4bb0-11f1-ad7f-eeee0a8b5753.OPERATION#flowable-async-job-executor-thread-6685#
[StageAppStep] Staging status of application "a26c405-2-approuter": FAILED#
#2026 05 09 14:09:38.491#Z#DEBUG#8f3ccdc2-4bb0-11f1-ad7f-eeee0a8b5753.OPERATION#flowable-async-job-executor-thread-6685#
[StageAppStep] Getting application guid "a26c405-2-approuter"...#
#2026 05 09 14:09:38.592#Z#ERROR#8f3ccdc2-4bb0-11f1-ad7f-eeee0a8b5753.OPERATION#flowable-async-job-executor-thread-6685#
[StageAppStep] Error staging application "a26c405-2-approuter": BuildpackCompileFailed - App staging failed in the buildpack compile phase
Download the application logs via the dmol command and check them for more information.#
#2026 05 09 14:09:38.596#Z#ERROR#8f3ccdc2-4bb0-11f1-ad7f-eeee0a8b5753.OPERATION#flowable-async-job-executor-thread-6685#
Exception caught#
org.cloudfoundry.multiapps.common.SLException: A step of the process has failed. Retrying it may solve the issue.
	at org.cloudfoundry.multiapps.controller.process.steps.SyncFlowableStep.executeInternal(SyncFlowableStep.java:83)
	at org.cloudfoundry.multiapps.controller.process.steps.SyncFlowableStep.lambda$execute$0(SyncFlowableStep.java:71)
	at org.cloudfoundry.multiapps.controller.core.util.LoggingUtil.logWithCorrelationId(LoggingUtil.java:14)
	at org.cloudfoundry.multiapps.controller.process.steps.SyncFlowableStep.execute(SyncFlowableStep.java:71)
	at org.flowable.engine.impl.delegate.invocation.JavaDelegateInvocation.invoke(JavaDelegateInvocation.java:35)
	at org.flowable.engine.impl.delegate.invocation.DelegateInvocation.proceed(DelegateInvocation.java:32)
	at org.flowable.engine.impl.delegate.invocation.DefaultDelegateInterceptor.handleInvocation(DefaultDelegateInterceptor.java:26)
	at org.flowable.engine.impl.bpmn.behavior.ServiceTaskDelegateExpressionActivityBehavior.execute(ServiceTaskDelegateExpressionActivityBehavior.java:177)
	at org.flowable.engine.impl.agenda.ContinueProcessOperation.executeActivityBehavior(ContinueProcessOperation.java:298)
	at org.flowable.engine.impl.agenda.ContinueProcessOperation.executeSynchronous(ContinueProcessOperation.java:175)
	at org.flowable.engine.impl.agenda.ContinueProcessOperation.continueThroughFlowNode(ContinueProcessOperation.java:125)
	at org.flowable.engine.impl.agenda.ContinueProcessOperation.run(ContinueProcessOperation.java:88)
	at org.flowable.common.engine.impl.AbstractEngineConfiguration.lambda$new$0(AbstractEngineConfiguration.java:198)
	at org.flowable.engine.impl.interceptor.CommandInvoker.executeOperation(CommandInvoker.java:189)
	at org.flowable.engine.impl.interceptor.CommandInvoker.executeOperations(CommandInvoker.java:128)
	at org.flowable.engine.impl.interceptor.CommandInvoker.execute(CommandInvoker.java:80)
	at org.flowable.engine.impl.interceptor.BpmnOverrideContextInterceptor.execute(BpmnOverrideContextInterceptor.java:26)
	at org.flowable.common.engine.impl.interceptor.TransactionContextInterceptor.execute(TransactionContextInterceptor.java:53)
	at org.flowable.common.engine.impl.interceptor.CommandContextInterceptor.execute(CommandContextInterceptor.java:105)
	at org.flowable.common.spring.SpringTransactionInterceptor.lambda$execute$0(SpringTransactionInterceptor.java:57)
	at org.springframework.transaction.support.TransactionTemplate.execute(TransactionTemplate.java:140)
	at org.flowable.common.spring.SpringTransactionInterceptor.execute(SpringTransactionInterceptor.java:57)
	at org.flowable.common.engine.impl.interceptor.LogInterceptor.execute(LogInterceptor.java:30)
	at org.flowable.common.engine.impl.cfg.CommandExecutorImpl.execute(CommandExecutorImpl.java:56)
	at org.flowable.common.engine.impl.cfg.CommandExecutorImpl.execute(CommandExecutorImpl.java:51)
	at org.flowable.job.service.impl.asyncexecutor.ExecuteAsyncRunnable.handleTransactionalJob(ExecuteAsyncRunnable.java:177)
	at org.flowable.job.service.impl.asyncexecutor.ExecuteAsyncRunnable.executeJob(ExecuteAsyncRunnable.java:146)
	at org.flowable.job.service.impl.asyncexecutor.ExecuteAsyncRunnable.runInternally(ExecuteAsyncRunnable.java:122)
	at org.flowable.job.service.impl.asyncexecutor.ExecuteAsyncRunnable.run(ExecuteAsyncRunnable.java:96)
	at java.base/java.util.concurrent.ThreadPoolExecutor.runWorker(ThreadPoolExecutor.java:1090)
	at java.base/java.util.concurrent.ThreadPoolExecutor$Worker.run(ThreadPoolExecutor.java:614)
	at java.base/java.lang.Thread.run(Thread.java:1474)
#2026 05 09 14:09:38.602#Z#DEBUG#8f3ccdc2-4bb0-11f1-ad7f-eeee0a8b5753.OPERATION#flowable-async-job-executor-thread-6685#
Step "Stage App" finished#
#2026 05 09 14:09:41.048#Z#DEBUG#8f3ccdc2-4bb0-11f1-ad7f-eeee0a8b5753.OPERATION#flowable-async-job-executor-thread-2456#
[StageAppStep] Executing task "stageAppTask" of process "9f70c110-4bb0-11f1-ad7f-eeee0a8b5753"...#
#2026 05 09 14:09:41.050#Z#DEBUG#8f3ccdc2-4bb0-11f1-ad7f-eeee0a8b5753.OPERATION#flowable-async-job-executor-thread-2456#
[StageAppStep] Application stage timeout is default one: 3,600 seconds#
#2026 05 09 14:09:41.053#Z#INFO#8f3ccdc2-4bb0-11f1-ad7f-eeee0a8b5753.OPERATION#flowable-async-job-executor-thread-2456#
[StageAppStep] Staging application "a26c405-2-approuter"...#
#2026 05 09 14:09:41.059#Z#DEBUG#8f3ccdc2-4bb0-11f1-ad7f-eeee0a8b5753.OPERATION#flowable-async-job-executor-thread-2456#
[StageAppStep] Creating build for package "53a88c8f-b73b-4d26-8b01-459512d71f6d"...#
#2026 05 09 14:09:41.629#Z#DEBUG#8f3ccdc2-4bb0-11f1-ad7f-eeee0a8b5753.OPERATION#flowable-async-job-executor-thread-2456#
Step "Stage App" finished#
#2026 05 09 14:09:48.492#Z#DEBUG#8f3ccdc2-4bb0-11f1-ad7f-eeee0a8b5753.OPERATION#flowable-async-job-executor-thread-6696#
[StageAppStep] Executing task "stageAppTask" of process "9f70c110-4bb0-11f1-ad7f-eeee0a8b5753"...#
#2026 05 09 14:09:48.493#Z#DEBUG#8f3ccdc2-4bb0-11f1-ad7f-eeee0a8b5753.OPERATION#flowable-async-job-executor-thread-6696#
[StageAppStep] Application stage timeout is default one: 3,600 seconds#
#2026 05 09 14:09:48.563#Z#DEBUG#8f3ccdc2-4bb0-11f1-ad7f-eeee0a8b5753.OPERATION#flowable-async-job-executor-thread-6696#
[StageAppStep] Checking status of application "a26c405-2-approuter"...#
#2026 05 09 14:09:48.563#Z#DEBUG#8f3ccdc2-4bb0-11f1-ad7f-eeee0a8b5753.OPERATION#flowable-async-job-executor-thread-6696#
[StageAppStep] Getting build "07d95699-a6c4-413b-838f-b4b1e95ed814"...#
#2026 05 09 14:09:48.606#Z#DEBUG#8f3ccdc2-4bb0-11f1-ad7f-eeee0a8b5753.OPERATION#flowable-async-job-executor-thread-6696#
[StageAppStep] Staging status of application "a26c405-2-approuter": PENDING#
#2026 05 09 14:09:48.607#Z#DEBUG#8f3ccdc2-4bb0-11f1-ad7f-eeee0a8b5753.OPERATION#flowable-async-job-executor-thread-6696#
[StageAppStep] Getting application guid "a26c405-2-approuter"...#
#2026 05 09 14:09:48.695#Z#DEBUG#8f3ccdc2-4bb0-11f1-ad7f-eeee0a8b5753.OPERATION#flowable-async-job-executor-thread-6696#
Step "Stage App" finished#
#2026 05 09 14:09:58.518#Z#DEBUG#8f3ccdc2-4bb0-11f1-ad7f-eeee0a8b5753.OPERATION#flowable-async-job-executor-thread-6701#
[StageAppStep] Executing task "stageAppTask" of process "9f70c110-4bb0-11f1-ad7f-eeee0a8b5753"...#
#2026 05 09 14:09:58.519#Z#DEBUG#8f3ccdc2-4bb0-11f1-ad7f-eeee0a8b5753.OPERATION#flowable-async-job-executor-thread-6701#
[StageAppStep] Application stage timeout is default one: 3,600 seconds#
#2026 05 09 14:09:58.519#Z#DEBUG#8f3ccdc2-4bb0-11f1-ad7f-eeee0a8b5753.OPERATION#flowable-async-job-executor-thread-6701#
[StageAppStep] Checking status of application "a26c405-2-approuter"...#
#2026 05 09 14:09:58.519#Z#DEBUG#8f3ccdc2-4bb0-11f1-ad7f-eeee0a8b5753.OPERATION#flowable-async-job-executor-thread-6701#
[StageAppStep] Getting build "07d95699-a6c4-413b-838f-b4b1e95ed814"...#
#2026 05 09 14:09:58.555#Z#DEBUG#8f3ccdc2-4bb0-11f1-ad7f-eeee0a8b5753.OPERATION#flowable-async-job-executor-thread-6701#
[StageAppStep] Staging status of application "a26c405-2-approuter": FAILED#
#2026 05 09 14:09:58.556#Z#DEBUG#8f3ccdc2-4bb0-11f1-ad7f-eeee0a8b5753.OPERATION#flowable-async-job-executor-thread-6701#
[StageAppStep] Getting application guid "a26c405-2-approuter"...#
#2026 05 09 14:09:58.630#Z#ERROR#8f3ccdc2-4bb0-11f1-ad7f-eeee0a8b5753.OPERATION#flowable-async-job-executor-thread-6701#
[StageAppStep] Error staging application "a26c405-2-approuter": BuildpackCompileFailed - App staging failed in the buildpack compile phase
Download the application logs via the dmol command and check them for more information.#
#2026 05 09 14:09:58.633#Z#ERROR#8f3ccdc2-4bb0-11f1-ad7f-eeee0a8b5753.OPERATION#flowable-async-job-executor-thread-6701#
Exception caught#
org.cloudfoundry.multiapps.common.SLException: A step of the process has failed. Retrying it may solve the issue.
	at org.cloudfoundry.multiapps.controller.process.steps.SyncFlowableStep.executeInternal(SyncFlowableStep.java:83)
	at org.cloudfoundry.multiapps.controller.process.steps.SyncFlowableStep.lambda$execute$0(SyncFlowableStep.java:71)
	at org.cloudfoundry.multiapps.controller.core.util.LoggingUtil.logWithCorrelationId(LoggingUtil.java:14)
	at org.cloudfoundry.multiapps.controller.process.steps.SyncFlowableStep.execute(SyncFlowableStep.java:71)
	at org.flowable.engine.impl.delegate.invocation.JavaDelegateInvocation.invoke(JavaDelegateInvocation.java:35)
	at org.flowable.engine.impl.delegate.invocation.DelegateInvocation.proceed(DelegateInvocation.java:32)
	at org.flowable.engine.impl.delegate.invocation.DefaultDelegateInterceptor.handleInvocation(DefaultDelegateInterceptor.java:26)
	at org.flowable.engine.impl.bpmn.behavior.ServiceTaskDelegateExpressionActivityBehavior.execute(ServiceTaskDelegateExpressionActivityBehavior.java:177)
	at org.flowable.engine.impl.agenda.ContinueProcessOperation.executeActivityBehavior(ContinueProcessOperation.java:298)
	at org.flowable.engine.impl.agenda.ContinueProcessOperation.executeSynchronous(ContinueProcessOperation.java:175)
	at org.flowable.engine.impl.agenda.ContinueProcessOperation.continueThroughFlowNode(ContinueProcessOperation.java:125)
	at org.flowable.engine.impl.agenda.ContinueProcessOperation.run(ContinueProcessOperation.java:88)
	at org.flowable.common.engine.impl.AbstractEngineConfiguration.lambda$new$0(AbstractEngineConfiguration.java:198)
	at org.flowable.engine.impl.interceptor.CommandInvoker.executeOperation(CommandInvoker.java:189)
	at org.flowable.engine.impl.interceptor.CommandInvoker.executeOperations(CommandInvoker.java:128)
	at org.flowable.engine.impl.interceptor.CommandInvoker.execute(CommandInvoker.java:80)
	at org.flowable.engine.impl.interceptor.BpmnOverrideContextInterceptor.execute(BpmnOverrideContextInterceptor.java:26)
	at org.flowable.common.engine.impl.interceptor.TransactionContextInterceptor.execute(TransactionContextInterceptor.java:53)
	at org.flowable.common.engine.impl.interceptor.CommandContextInterceptor.execute(CommandContextInterceptor.java:105)
	at org.flowable.common.spring.SpringTransactionInterceptor.lambda$execute$0(SpringTransactionInterceptor.java:57)
	at org.springframework.transaction.support.TransactionTemplate.execute(TransactionTemplate.java:140)
	at org.flowable.common.spring.SpringTransactionInterceptor.execute(SpringTransactionInterceptor.java:57)
	at org.flowable.common.engine.impl.interceptor.LogInterceptor.execute(LogInterceptor.java:30)
	at org.flowable.common.engine.impl.cfg.CommandExecutorImpl.execute(CommandExecutorImpl.java:56)
	at org.flowable.common.engine.impl.cfg.CommandExecutorImpl.execute(CommandExecutorImpl.java:51)
	at org.flowable.job.service.impl.asyncexecutor.ExecuteAsyncRunnable.handleTransactionalJob(ExecuteAsyncRunnable.java:177)
	at org.flowable.job.service.impl.asyncexecutor.ExecuteAsyncRunnable.executeJob(ExecuteAsyncRunnable.java:146)
	at org.flowable.job.service.impl.asyncexecutor.ExecuteAsyncRunnable.runInternally(ExecuteAsyncRunnable.java:122)
	at org.flowable.job.service.impl.asyncexecutor.ExecuteAsyncRunnable.run(ExecuteAsyncRunnable.java:96)
	at java.base/java.util.concurrent.ThreadPoolExecutor.runWorker(ThreadPoolExecutor.java:1090)
	at java.base/java.util.concurrent.ThreadPoolExecutor$Worker.run(ThreadPoolExecutor.java:614)
	at java.base/java.lang.Thread.run(Thread.java:1474)
#2026 05 09 14:09:58.639#Z#DEBUG#8f3ccdc2-4bb0-11f1-ad7f-eeee0a8b5753.OPERATION#flowable-async-job-executor-thread-6701#
Step "Stage App" finished#
#2026 05 09 14:09:59.417#Z#DEBUG#8f3ccdc2-4bb0-11f1-ad7f-eeee0a8b5753.OPERATION#flowable-async-job-executor-thread-2464#
[StageAppStep] Executing task "stageAppTask" of process "9f70c110-4bb0-11f1-ad7f-eeee0a8b5753"...#
#2026 05 09 14:09:59.418#Z#DEBUG#8f3ccdc2-4bb0-11f1-ad7f-eeee0a8b5753.OPERATION#flowable-async-job-executor-thread-2464#
[StageAppStep] Application stage timeout is default one: 3,600 seconds#
#2026 05 09 14:09:59.421#Z#INFO#8f3ccdc2-4bb0-11f1-ad7f-eeee0a8b5753.OPERATION#flowable-async-job-executor-thread-2464#
[StageAppStep] Staging application "a26c405-2-approuter"...#
#2026 05 09 14:09:59.427#Z#DEBUG#8f3ccdc2-4bb0-11f1-ad7f-eeee0a8b5753.OPERATION#flowable-async-job-executor-thread-2464#
[StageAppStep] Creating build for package "53a88c8f-b73b-4d26-8b01-459512d71f6d"...#
#2026 05 09 14:10:00.050#Z#DEBUG#8f3ccdc2-4bb0-11f1-ad7f-eeee0a8b5753.OPERATION#flowable-async-job-executor-thread-2464#
Step "Stage App" finished#
#2026 05 09 14:10:08.531#Z#DEBUG#8f3ccdc2-4bb0-11f1-ad7f-eeee0a8b5753.OPERATION#flowable-async-job-executor-thread-6705#
[StageAppStep] Executing task "stageAppTask" of process "9f70c110-4bb0-11f1-ad7f-eeee0a8b5753"...#
#2026 05 09 14:10:08.531#Z#DEBUG#8f3ccdc2-4bb0-11f1-ad7f-eeee0a8b5753.OPERATION#flowable-async-job-executor-thread-6705#
[StageAppStep] Application stage timeout is default one: 3,600 seconds#
#2026 05 09 14:10:08.589#Z#DEBUG#8f3ccdc2-4bb0-11f1-ad7f-eeee0a8b5753.OPERATION#flowable-async-job-executor-thread-6705#
[StageAppStep] Checking status of application "a26c405-2-approuter"...#
#2026 05 09 14:10:08.589#Z#DEBUG#8f3ccdc2-4bb0-11f1-ad7f-eeee0a8b5753.OPERATION#flowable-async-job-executor-thread-6705#
[StageAppStep] Getting build "5bf820e7-2c40-450c-93dd-d170e8bbb4a5"...#
#2026 05 09 14:10:08.628#Z#DEBUG#8f3ccdc2-4bb0-11f1-ad7f-eeee0a8b5753.OPERATION#flowable-async-job-executor-thread-6705#
[StageAppStep] Staging status of application "a26c405-2-approuter": PENDING#
#2026 05 09 14:10:08.630#Z#DEBUG#8f3ccdc2-4bb0-11f1-ad7f-eeee0a8b5753.OPERATION#flowable-async-job-executor-thread-6705#
[StageAppStep] Getting application guid "a26c405-2-approuter"...#
#2026 05 09 14:10:08.726#Z#DEBUG#8f3ccdc2-4bb0-11f1-ad7f-eeee0a8b5753.OPERATION#flowable-async-job-executor-thread-6705#
Step "Stage App" finished#
#2026 05 09 14:10:18.543#Z#DEBUG#8f3ccdc2-4bb0-11f1-ad7f-eeee0a8b5753.OPERATION#flowable-async-job-executor-thread-6713#
[StageAppStep] Executing task "stageAppTask" of process "9f70c110-4bb0-11f1-ad7f-eeee0a8b5753"...#
#2026 05 09 14:10:18.544#Z#DEBUG#8f3ccdc2-4bb0-11f1-ad7f-eeee0a8b5753.OPERATION#flowable-async-job-executor-thread-6713#
[StageAppStep] Application stage timeout is default one: 3,600 seconds#
#2026 05 09 14:10:18.545#Z#DEBUG#8f3ccdc2-4bb0-11f1-ad7f-eeee0a8b5753.OPERATION#flowable-async-job-executor-thread-6713#
[StageAppStep] Checking status of application "a26c405-2-approuter"...#
#2026 05 09 14:10:18.545#Z#DEBUG#8f3ccdc2-4bb0-11f1-ad7f-eeee0a8b5753.OPERATION#flowable-async-job-executor-thread-6713#
[StageAppStep] Getting build "5bf820e7-2c40-450c-93dd-d170e8bbb4a5"...#
#2026 05 09 14:10:18.571#Z#DEBUG#8f3ccdc2-4bb0-11f1-ad7f-eeee0a8b5753.OPERATION#flowable-async-job-executor-thread-6713#
[StageAppStep] Staging status of application "a26c405-2-approuter": FAILED#
#2026 05 09 14:10:18.573#Z#DEBUG#8f3ccdc2-4bb0-11f1-ad7f-eeee0a8b5753.OPERATION#flowable-async-job-executor-thread-6713#
[StageAppStep] Getting application guid "a26c405-2-approuter"...#
#2026 05 09 14:10:18.667#Z#ERROR#8f3ccdc2-4bb0-11f1-ad7f-eeee0a8b5753.OPERATION#flowable-async-job-executor-thread-6713#
[StageAppStep] Error staging application "a26c405-2-approuter": BuildpackCompileFailed - App staging failed in the buildpack compile phase
Download the application logs via the dmol command and check them for more information.#
#2026 05 09 14:10:18.671#Z#ERROR#8f3ccdc2-4bb0-11f1-ad7f-eeee0a8b5753.OPERATION#flowable-async-job-executor-thread-6713#
Exception caught#
org.cloudfoundry.multiapps.common.SLException: A step of the process has failed. Retrying it may solve the issue.
	at org.cloudfoundry.multiapps.controller.process.steps.SyncFlowableStep.executeInternal(SyncFlowableStep.java:83)
	at org.cloudfoundry.multiapps.controller.process.steps.SyncFlowableStep.lambda$execute$0(SyncFlowableStep.java:71)
	at org.cloudfoundry.multiapps.controller.core.util.LoggingUtil.logWithCorrelationId(LoggingUtil.java:14)
	at org.cloudfoundry.multiapps.controller.process.steps.SyncFlowableStep.execute(SyncFlowableStep.java:71)
	at org.flowable.engine.impl.delegate.invocation.JavaDelegateInvocation.invoke(JavaDelegateInvocation.java:35)
	at org.flowable.engine.impl.delegate.invocation.DelegateInvocation.proceed(DelegateInvocation.java:32)
	at org.flowable.engine.impl.delegate.invocation.DefaultDelegateInterceptor.handleInvocation(DefaultDelegateInterceptor.java:26)
	at org.flowable.engine.impl.bpmn.behavior.ServiceTaskDelegateExpressionActivityBehavior.execute(ServiceTaskDelegateExpressionActivityBehavior.java:177)
	at org.flowable.engine.impl.agenda.ContinueProcessOperation.executeActivityBehavior(ContinueProcessOperation.java:298)
	at org.flowable.engine.impl.agenda.ContinueProcessOperation.executeSynchronous(ContinueProcessOperation.java:175)
	at org.flowable.engine.impl.agenda.ContinueProcessOperation.continueThroughFlowNode(ContinueProcessOperation.java:125)
	at org.flowable.engine.impl.agenda.ContinueProcessOperation.run(ContinueProcessOperation.java:88)
	at org.flowable.common.engine.impl.AbstractEngineConfiguration.lambda$new$0(AbstractEngineConfiguration.java:198)
	at org.flowable.engine.impl.interceptor.CommandInvoker.executeOperation(CommandInvoker.java:189)
	at org.flowable.engine.impl.interceptor.CommandInvoker.executeOperations(CommandInvoker.java:128)
	at org.flowable.engine.impl.interceptor.CommandInvoker.execute(CommandInvoker.java:80)
	at org.flowable.engine.impl.interceptor.BpmnOverrideContextInterceptor.execute(BpmnOverrideContextInterceptor.java:26)
	at org.flowable.common.engine.impl.interceptor.TransactionContextInterceptor.execute(TransactionContextInterceptor.java:53)
	at org.flowable.common.engine.impl.interceptor.CommandContextInterceptor.execute(CommandContextInterceptor.java:105)
	at org.flowable.common.spring.SpringTransactionInterceptor.lambda$execute$0(SpringTransactionInterceptor.java:57)
	at org.springframework.transaction.support.TransactionTemplate.execute(TransactionTemplate.java:140)
	at org.flowable.common.spring.SpringTransactionInterceptor.execute(SpringTransactionInterceptor.java:57)
	at org.flowable.common.engine.impl.interceptor.LogInterceptor.execute(LogInterceptor.java:30)
	at org.flowable.common.engine.impl.cfg.CommandExecutorImpl.execute(CommandExecutorImpl.java:56)
	at org.flowable.common.engine.impl.cfg.CommandExecutorImpl.execute(CommandExecutorImpl.java:51)
	at org.flowable.job.service.impl.asyncexecutor.ExecuteAsyncRunnable.handleTransactionalJob(ExecuteAsyncRunnable.java:177)
	at org.flowable.job.service.impl.asyncexecutor.ExecuteAsyncRunnable.executeJob(ExecuteAsyncRunnable.java:146)
	at org.flowable.job.service.impl.asyncexecutor.ExecuteAsyncRunnable.runInternally(ExecuteAsyncRunnable.java:122)
	at org.flowable.job.service.impl.asyncexecutor.ExecuteAsyncRunnable.run(ExecuteAsyncRunnable.java:96)
	at java.base/java.util.concurrent.ThreadPoolExecutor.runWorker(ThreadPoolExecutor.java:1090)
	at java.base/java.util.concurrent.ThreadPoolExecutor$Worker.run(ThreadPoolExecutor.java:614)
	at java.base/java.lang.Thread.run(Thread.java:1474)
#2026 05 09 14:10:18.677#Z#DEBUG#8f3ccdc2-4bb0-11f1-ad7f-eeee0a8b5753.OPERATION#flowable-async-job-executor-thread-6713#
Step "Stage App" finished#
#2026 05 09 14:10:20.760#Z#DEBUG#8f3ccdc2-4bb0-11f1-ad7f-eeee0a8b5753.OPERATION#flowable-async-job-executor-thread-2528#
[StageAppStep] Executing task "stageAppTask" of process "9f70c110-4bb0-11f1-ad7f-eeee0a8b5753"...#
#2026 05 09 14:10:20.762#Z#DEBUG#8f3ccdc2-4bb0-11f1-ad7f-eeee0a8b5753.OPERATION#flowable-async-job-executor-thread-2528#
[StageAppStep] Application stage timeout is default one: 3,600 seconds#
#2026 05 09 14:10:20.764#Z#INFO#8f3ccdc2-4bb0-11f1-ad7f-eeee0a8b5753.OPERATION#flowable-async-job-executor-thread-2528#
[StageAppStep] Staging application "a26c405-2-approuter"...#
#2026 05 09 14:10:20.770#Z#DEBUG#8f3ccdc2-4bb0-11f1-ad7f-eeee0a8b5753.OPERATION#flowable-async-job-executor-thread-2528#
[StageAppStep] Creating build for package "53a88c8f-b73b-4d26-8b01-459512d71f6d"...#
#2026 05 09 14:10:21.281#Z#DEBUG#8f3ccdc2-4bb0-11f1-ad7f-eeee0a8b5753.OPERATION#flowable-async-job-executor-thread-2528#
Step "Stage App" finished#
#2026 05 09 14:10:28.597#Z#DEBUG#8f3ccdc2-4bb0-11f1-ad7f-eeee0a8b5753.OPERATION#flowable-async-job-executor-thread-2537#
[StageAppStep] Executing task "stageAppTask" of process "9f70c110-4bb0-11f1-ad7f-eeee0a8b5753"...#
#2026 05 09 14:10:28.598#Z#DEBUG#8f3ccdc2-4bb0-11f1-ad7f-eeee0a8b5753.OPERATION#flowable-async-job-executor-thread-2537#
[StageAppStep] Application stage timeout is default one: 3,600 seconds#
#2026 05 09 14:10:28.599#Z#DEBUG#8f3ccdc2-4bb0-11f1-ad7f-eeee0a8b5753.OPERATION#flowable-async-job-executor-thread-2537#
[StageAppStep] Checking status of application "a26c405-2-approuter"...#
#2026 05 09 14:10:28.599#Z#DEBUG#8f3ccdc2-4bb0-11f1-ad7f-eeee0a8b5753.OPERATION#flowable-async-job-executor-thread-2537#
[StageAppStep] Getting build "f9a25822-2094-47b8-8d0c-0ae3f6ba59bf"...#
#2026 05 09 14:10:28.630#Z#DEBUG#8f3ccdc2-4bb0-11f1-ad7f-eeee0a8b5753.OPERATION#flowable-async-job-executor-thread-2537#
[StageAppStep] Staging status of application "a26c405-2-approuter": PENDING#
#2026 05 09 14:10:28.632#Z#DEBUG#8f3ccdc2-4bb0-11f1-ad7f-eeee0a8b5753.OPERATION#flowable-async-job-executor-thread-2537#
[StageAppStep] Getting application guid "a26c405-2-approuter"...#
#2026 05 09 14:10:28.715#Z#DEBUG#8f3ccdc2-4bb0-11f1-ad7f-eeee0a8b5753.OPERATION#flowable-async-job-executor-thread-2537#
Step "Stage App" finished#
#2026 05 09 14:10:38.594#Z#DEBUG#8f3ccdc2-4bb0-11f1-ad7f-eeee0a8b5753.OPERATION#flowable-async-job-executor-thread-6728#
[StageAppStep] Executing task "stageAppTask" of process "9f70c110-4bb0-11f1-ad7f-eeee0a8b5753"...#
#2026 05 09 14:10:38.594#Z#DEBUG#8f3ccdc2-4bb0-11f1-ad7f-eeee0a8b5753.OPERATION#flowable-async-job-executor-thread-6728#
[StageAppStep] Application stage timeout is default one: 3,600 seconds#
#2026 05 09 14:10:38.661#Z#DEBUG#8f3ccdc2-4bb0-11f1-ad7f-eeee0a8b5753.OPERATION#flowable-async-job-executor-thread-6728#
[StageAppStep] Checking status of application "a26c405-2-approuter"...#
#2026 05 09 14:10:38.661#Z#DEBUG#8f3ccdc2-4bb0-11f1-ad7f-eeee0a8b5753.OPERATION#flowable-async-job-executor-thread-6728#
[StageAppStep] Getting build "f9a25822-2094-47b8-8d0c-0ae3f6ba59bf"...#
#2026 05 09 14:10:38.704#Z#DEBUG#8f3ccdc2-4bb0-11f1-ad7f-eeee0a8b5753.OPERATION#flowable-async-job-executor-thread-6728#
[StageAppStep] Staging status of application "a26c405-2-approuter": FAILED#
#2026 05 09 14:10:38.705#Z#DEBUG#8f3ccdc2-4bb0-11f1-ad7f-eeee0a8b5753.OPERATION#flowable-async-job-executor-thread-6728#
[StageAppStep] Getting application guid "a26c405-2-approuter"...#
#2026 05 09 14:10:38.778#Z#ERROR#8f3ccdc2-4bb0-11f1-ad7f-eeee0a8b5753.OPERATION#flowable-async-job-executor-thread-6728#
[StageAppStep] Error staging application "a26c405-2-approuter": BuildpackCompileFailed - App staging failed in the buildpack compile phase
Download the application logs via the dmol command and check them for more information.#
#2026 05 09 14:10:38.782#Z#ERROR#8f3ccdc2-4bb0-11f1-ad7f-eeee0a8b5753.OPERATION#flowable-async-job-executor-thread-6728#
Exception caught#
org.cloudfoundry.multiapps.common.SLException: A step of the process has failed. Retrying it may solve the issue.
	at org.cloudfoundry.multiapps.controller.process.steps.SyncFlowableStep.executeInternal(SyncFlowableStep.java:83)
	at org.cloudfoundry.multiapps.controller.process.steps.SyncFlowableStep.lambda$execute$0(SyncFlowableStep.java:71)
	at org.cloudfoundry.multiapps.controller.core.util.LoggingUtil.logWithCorrelationId(LoggingUtil.java:14)
	at org.cloudfoundry.multiapps.controller.process.steps.SyncFlowableStep.execute(SyncFlowableStep.java:71)
	at org.flowable.engine.impl.delegate.invocation.JavaDelegateInvocation.invoke(JavaDelegateInvocation.java:35)
	at org.flowable.engine.impl.delegate.invocation.DelegateInvocation.proceed(DelegateInvocation.java:32)
	at org.flowable.engine.impl.delegate.invocation.DefaultDelegateInterceptor.handleInvocation(DefaultDelegateInterceptor.java:26)
	at org.flowable.engine.impl.bpmn.behavior.ServiceTaskDelegateExpressionActivityBehavior.execute(ServiceTaskDelegateExpressionActivityBehavior.java:177)
	at org.flowable.engine.impl.agenda.ContinueProcessOperation.executeActivityBehavior(ContinueProcessOperation.java:298)
	at org.flowable.engine.impl.agenda.ContinueProcessOperation.executeSynchronous(ContinueProcessOperation.java:175)
	at org.flowable.engine.impl.agenda.ContinueProcessOperation.continueThroughFlowNode(ContinueProcessOperation.java:125)
	at org.flowable.engine.impl.agenda.ContinueProcessOperation.run(ContinueProcessOperation.java:88)
	at org.flowable.common.engine.impl.AbstractEngineConfiguration.lambda$new$0(AbstractEngineConfiguration.java:198)
	at org.flowable.engine.impl.interceptor.CommandInvoker.executeOperation(CommandInvoker.java:189)
	at org.flowable.engine.impl.interceptor.CommandInvoker.executeOperations(CommandInvoker.java:128)
	at org.flowable.engine.impl.interceptor.CommandInvoker.execute(CommandInvoker.java:80)
	at org.flowable.engine.impl.interceptor.BpmnOverrideContextInterceptor.execute(BpmnOverrideContextInterceptor.java:26)
	at org.flowable.common.engine.impl.interceptor.TransactionContextInterceptor.execute(TransactionContextInterceptor.java:53)
	at org.flowable.common.engine.impl.interceptor.CommandContextInterceptor.execute(CommandContextInterceptor.java:105)
	at org.flowable.common.spring.SpringTransactionInterceptor.lambda$execute$0(SpringTransactionInterceptor.java:57)
	at org.springframework.transaction.support.TransactionTemplate.execute(TransactionTemplate.java:140)
	at org.flowable.common.spring.SpringTransactionInterceptor.execute(SpringTransactionInterceptor.java:57)
	at org.flowable.common.engine.impl.interceptor.LogInterceptor.execute(LogInterceptor.java:30)
	at org.flowable.common.engine.impl.cfg.CommandExecutorImpl.execute(CommandExecutorImpl.java:56)
	at org.flowable.common.engine.impl.cfg.CommandExecutorImpl.execute(CommandExecutorImpl.java:51)
	at org.flowable.job.service.impl.asyncexecutor.ExecuteAsyncRunnable.handleTransactionalJob(ExecuteAsyncRunnable.java:177)
	at org.flowable.job.service.impl.asyncexecutor.ExecuteAsyncRunnable.executeJob(ExecuteAsyncRunnable.java:146)
	at org.flowable.job.service.impl.asyncexecutor.ExecuteAsyncRunnable.runInternally(ExecuteAsyncRunnable.java:122)
	at org.flowable.job.service.impl.asyncexecutor.ExecuteAsyncRunnable.run(ExecuteAsyncRunnable.java:96)
	at java.base/java.util.concurrent.ThreadPoolExecutor.runWorker(ThreadPoolExecutor.java:1090)
	at java.base/java.util.concurrent.ThreadPoolExecutor$Worker.run(ThreadPoolExecutor.java:614)
	at java.base/java.lang.Thread.run(Thread.java:1474)
#2026 05 09 14:10:38.788#Z#DEBUG#8f3ccdc2-4bb0-11f1-ad7f-eeee0a8b5753.OPERATION#flowable-async-job-executor-thread-6728#
Step "Stage App" finished#
